0.362,0.95302,0.97712,0.97492
0.366,0.95708,0.98996,0.95692
0.37,0.95592,0.97764,0.95287
0.374,0.94954,0.97682,0.95607
0.378,0.90023,0.99528,0.95338
0.382,0.9855,0.97616,0.96653
0.386,0.94664,0.97867,0.95497
0.39,0.971,0.978,0.95309
0.394,0.9797,0.98169,0.95206
0.398,0.92227,0.97358,0.94042
0.402,0.92459,0.99063,0.95169
0.406,1,0.97808,0.93276
0.41,0.9594,0.96442,0.93243
0.414,0.92691,0.96169,0.93475
0.418,0.94084,0.96154,0.92669
0.422,0.97564,0.98014,0.9265
0.426,0.92285,0.95276,0.91579
0.43,0.9391,0.96627,0.91604
0.434,0.92169,0.9721,0.92256
0.438,0.91531,0.95313,0.91225
0.442,0.91357,0.95453,0.91255
0.446,0.91705,0.94287,0.91361
0.45,0.96114,0.94287,0.90154
0.454,0.91183,0.93158,0.89531
0.458,0.90371,0.94353,0.88865
0.462,0.90313,0.93918,0.89443
0.466,0.92807,0.93933,0.88456
0.47,0.91937,0.93534,0.88033
0.474,0.92169,0.94309,0.88309
0.478,0.99478,0.93792,0.87561
0.482,0.91299,0.94006,0.88618
0.486,0.92053,0.93276,0.86195
0.49,0.91299,0.94353,0.85823
0.494,0.96288,0.92545,0.86755
0.498,0.92517,0.93069,0.86085
0.502,0.89443,0.93209,0.86088
0.506,0.88747,0.92161,0.8597
0.51,0.92111,0.92464,0.86099
0.514,0.90023,0.90619,0.84464
0.518,0.94142,0.91128,0.84472
0.522,0.91647,0.92493,0.85197
0.526,0.90893,0.91209,0.84453
0.53,0.91589,0.90611,0.84089
0.534,0.90371,0.90929,0.84733
0.538,0.86833,0.89976,0.83345
0.542,0.92169,0.90006,0.83293
0.546,0.89211,0.90323,0.81427
0.55,0.89501,0.8991,0.81876
0.554,0.85963,0.90139,0.81688
0.558,0.88631,0.90124,0.80955
0.562,0.90255,0.88227,0.82303
0.566,0.87355,0.87865,0.80598
0.57,0.83295,0.88596,0.80473
0.574,0.85267,0.88943,0.80712
0.578,0.90371,0.876,0.78484
0.582,0.88979,0.86751,0.79648
0.586,0.87819,0.88987,0.78687
0.59,0.87587,0.8647,0.79088
0.594,0.90023,0.86906,0.77111
0.598,0.85789,0.85791,0.77059
0.602,0.91473,0.85216,0.77932
0.606,0.85151,0.84418,0.77059
0.61,0.87587,0.85201,0.76772
0.614,0.82483,0.8495,0.7661
0.618,0.83643,0.84824,0.751
0.622,0.84919,0.85171,0.74762
0.626,0.82889,0.83496,0.76032
0.63,0.81555,0.83717,0.75369
0.634,0.86485,0.84123,0.75023
0.638,0.85209,0.83629,0.74139
0.642,0.86021,0.83296,0.73521
0.646,0.82483,0.82462,0.74879
0.65,0.808,0.8196,0.73882
0.654,0.82657,0.81591,0.72961
0.658,0.84107,0.83629,0.73049
0.662,0.83643,0.80934,0.72166
0.666,0.80742,0.83437,0.71956
0.67,0.85615,0.81614,0.71587
0.674,0.81439,0.81392,0.71536
0.678,0.80162,0.80743,0.71503
0.682,0.83643,0.81606,0.7088
0.686,0.84049,0.80167,0.69043
0.69,0.80684,0.81665,0.70917
0.694,0.83295,0.81178,0.70667
0.698,0.82483,0.80735,0.70324
0.702,0.80452,0.79931,0.69835
0.706,0.78306,0.78292,0.69408
0.71,0.82657,0.80898,0.68266
0.714,0.81961,0.78536,0.68307
0.718,0.84339,0.80506,0.68019
0.722,0.82251,0.80196,0.67905
0.726,0.80568,0.77022,0.67721
0.73,0.78422,0.78949,0.66911
0.734,0.81206,0.77414,0.66775
0.738,0.79698,0.7872,0.66403
0.742,0.81613,0.77805,0.66557
0.746,0.77494,0.76779,0.66086
0.75,0.78538,0.77458,0.64827
0.754,0.779,0.76624,0.65832
0.758,0.81381,0.75701,0.65556
0.762,0.78712,0.76506,0.65644
0.766,0.78886,0.75111,0.65073
0.77,0.7732,0.76831,0.64123
0.774,0.79408,0.75487,0.64444
0.778,0.79292,0.7514,0.63755
0.782,0.78654,0.74889,0.62956
0.786,0.79176,0.75458,0.63365
0.79,0.75812,0.74085,0.62717
0.794,0.78538,0.74321,0.62069
0.798,0.7819,0.73686,0.61748
0.802,0.7964,0.73885,0.62628
0.806,0.78364,0.7176,0.61767
0.81,0.75174,0.73339,0.61211
0.814,0.80278,0.72719,0.60069
0.818,0.7703,0.72262,0.60541
0.822,0.75,0.71671,0.60172
0.826,0.77842,0.71583,0.60474
0.83,0.72622,0.7249,0.60669
0.834,0.7529,0.70763,0.60239
0.838,0.72332,0.71081,0.59086
0.842,0.73376,0.70992,0.5906
0.846,0.74304,0.73553,0.59333
0.85,0.76624,0.71346,0.58939
0.854,0.68794,0.70557,0.58313
0.858,0.76798,0.70948,0.57978
0.862,0.72448,0.70652,0.58762
0.866,0.77494,0.70306,0.57477
0.87,0.73608,0.70283,0.57875
0.874,0.71288,0.68416,0.58125
0.878,0.72796,0.68505,0.56722
0.882,0.72738,0.68003,0.56295
0.886,0.72506,0.68637,0.56207
0.89,0.721,0.68541,0.56357
0.894,0.721,0.67538,0.56133
0.898,0.692,0.67523,0.55393
0.902,0.7181,0.68571,0.54763
0.906,0.6978,0.67154,0.55838
0.91,0.70708,0.66445,0.5519
0.914,0.70244,0.67294,0.54667
0.918,0.74536,0.66962,0.55481
0.922,0.69664,0.65936,0.54347
0.926,0.75232,0.65043,0.53975
0.93,0.73028,0.65072,0.53651
0.934,0.72796,0.66497,0.53529
0.938,0.70128,0.65929,0.52988
0.942,0.6891,0.65604,0.52896
0.946,0.67923,0.64932,0.53169
0.95,0.68387,0.64393,0.52484
0.954,0.67749,0.64711,0.51733
0.958,0.69548,0.63567,0.52705
0.962,0.70882,0.63013,0.52152
0.966,0.64327,0.63138,0.52285
0.97,0.69316,0.63818,0.51563
0.974,0.67923,0.63441,0.51784
0.978,0.68039,0.64224,0.51276
0.982,0.7094,0.62659,0.5083
0.986,0.67053,0.61485,0.50683
0.99,0.65487,0.63677,0.50385
0.994,0.67633,0.62969,0.50694
0.998,0.66241,0.62216,0.50436
1.002,0.68735,0.61323,0.4977
1.006,0.66937,0.60769,0.4938
1.01,0.6891,0.62932,0.48599
1.014,0.63457,0.62149,0.49276
1.018,0.64385,0.62216,0.48669
1.022,0.67111,0.60769,0.49357
1.026,0.66937,0.6178,0.4815
1.03,0.66647,0.61345,0.4861
1.034,0.7094,0.61227,0.48768
1.038,0.64327,0.60636,0.47888
1.042,0.68794,0.60334,0.47774
1.046,0.66589,0.61005,0.47343
1.05,0.66531,0.58769,0.47697
1.054,0.63863,0.58134,0.47395
1.058,0.65545,0.58916,0.47225
1.062,0.64965,0.5885,0.46482
1.066,0.64095,0.58673,0.46338
1.07,0.68039,0.58747,0.46378
1.074,0.65313,0.58835,0.45263
1.078,0.62587,0.59603,0.4527
1.082,0.64617,0.57211,0.44327
1.086,0.59629,0.58769,0.45358
1.09,0.64327,0.5764,0.45509
1.094,0.66763,0.56968,0.45683
1.098,0.62413,0.56422,0.4537
1.102,0.62471,0.56053,0.446
1.106,0.61137,0.55846,0.43709
1.11,0.65255,0.56532,0.43584
1.114,0.62993,0.55912,0.43506
1.118,0.60615,0.56709,0.43985
1.122,0.63979,0.56326,0.43436
1.126,0.60499,0.56185,0.44283
1.13,0.64211,0.56732,0.43724
1.134,0.59571,0.55565,0.4355
1.138,0.57773,0.54355,0.43105
1.142,0.60093,0.54672,0.41695
1.146,0.64907,0.55676,0.42615
1.15,0.62355,0.55322,0.42512
1.154,0.59223,0.54421,0.42472
1.158,0.58817,0.54244,0.42976
1.162,0.58469,0.5344,0.41463
1.166,0.58875,0.55078,0.41868
1.17,0.56497,0.53816,0.42022
1.174,0.60151,0.5313,0.40899
1.178,0.60383,0.54761,0.41124
1.182,0.61369,0.53063,0.40627
1.186,0.54872,0.55337,0.4052
1.19,0.60209,0.52598,0.40711
1.194,0.55858,0.52347,0.40516
1.198,0.59919,0.53595,0.40406
1.202,0.58179,0.52657,0.4017
1.206,0.59165,0.51749,0.39787
1.21,0.55916,0.50864,0.39301
1.214,0.57599,0.51993,0.39577
1.218,0.55104,0.51336,0.39761
1.222,0.61427,0.511,0.40472
1.226,0.54176,0.50347,0.39007
1.23,0.53712,0.5172,0.38745
1.234,0.56903,0.51366,0.39065
1.238,0.56265,0.50111,0.38119
1.242,0.57831,0.50598,0.38263
1.246,0.53944,0.4924,0.38344
1.25,0.52494,0.49218,0.37655
1.254,0.54698,0.50162,0.3852
1.258,0.59223,0.50376,0.3774
1.262,0.55162,0.49173,0.37972
1.266,0.54756,0.49668,0.3746
1.27,0.56381,0.50236,0.37534
1.274,0.56497,0.4859,0.36304
1.278,0.54988,0.4941,0.36602
1.282,0.55394,0.47284,0.36779
1.286,0.55916,0.48472,0.37099
1.29,0.56497,0.48435,0.36952
1.294,0.5319,0.49269,0.36208
1.298,0.54002,0.48561,0.3623
1.302,0.53248,0.47668,0.36591
1.306,0.54234,0.47933,0.36212
1.31,0.52958,0.47173,0.36495
1.314,0.5377,0.47394,0.35807
1.318,0.52958,0.47239,0.35446
1.322,0.53364,0.4611,0.35427
1.326,0.52436,0.46797,0.35383
1.33,0.51682,0.46774,0.34912
1.334,0.53654,0.47114,0.35133
1.338,0.49884,0.47409,0.35762
1.342,0.52726,0.47121,0.34717
1.346,0.5319,0.46022,0.34875
1.35,0.5261,0.4614,0.34433
1.354,0.53422,0.46354,0.34293
1.358,0.53886,0.46125,0.34275
1.362,0.51798,0.4628,0.33958
1.366,0.52378,0.45726,0.34275
1.37,0.50406,0.46081,0.33564
1.374,0.52204,0.45247,0.34083
1.378,0.49072,0.45269,0.33778
1.382,0.52494,0.44914,0.33122
1.386,0.49536,0.44833,0.33026
1.39,0.52842,0.44368,0.33413
1.394,0.5029,0.44198,0.32117
1.398,0.52494,0.44132,0.33424
1.402,0.53306,0.4425,0.32912
1.406,0.48086,0.4346,0.32651
1.41,0.5203,0.43822,0.32459
1.414,0.49478,0.43911,0.32629
1.418,0.48376,0.43076,0.32018
1.422,0.52204,0.43623,0.32559
1.426,0.50232,0.43756,0.31867
1.43,0.49652,0.43254,0.31833
1.434,0.48956,0.43076,0.3138
1.438,0.51276,0.43327,0.31627
1.442,0.51972,0.43335,0.31196
1.446,0.47854,0.41645,0.30773
1.45,0.50116,0.42493,0.30519
1.454,0.51624,0.42818,0.31108
1.458,0.48898,0.41807,0.31299
1.462,0.50348,0.42538,0.30773
1.466,0.4942,0.43003,0.30504
1.47,0.51044,0.41401,0.31082
1.474,0.47854,0.41091,0.30191
1.478,0.4797,0.42634,0.30342
1.482,0.49362,0.41069,0.29908
1.486,0.47332,0.40486,0.29845
1.49,0.4797,0.40412,0.2965
1.494,0.47448,0.41327,0.29606
1.498,0.48666,0.40655,0.29926
1.502,0.4855,0.41113,0.29753
1.506,0.51566,0.40751,0.29701
1.51,0.45128,0.40877,0.29149
1.514,0.45592,0.40737,0.29046
1.518,0.47332,0.39209,0.28928
1.522,0.4565,0.40043,0.29083
1.526,0.46056,0.39814,0.28759
1.53,0.47506,0.39504,0.29289
1.534,0.4739,0.39696,0.27772
1.538,0.45882,0.39814,0.29182
1.542,0.46056,0.40508,0.27746
1.546,0.42865,0.40515,0.28309
1.55,0.46114,0.38751,0.27669
1.554,0.44548,0.38205,0.27993
1.558,0.44664,0.38847,0.27993
1.562,0.44896,0.38847,0.27746
1.566,0.4478,0.38788,0.27525
1.57,0.46868,0.38183,0.27275
1.574,0.43561,0.38618,0.27617
1.578,0.48956,0.38522,0.27157
1.582,0.42981,0.38818,0.26697
1.586,0.44432,0.37902,0.2744
1.59,0.44432,0.37363,0.26781
1.594,0.4507,0.38367,0.27002
1.598,0.45882,0.38316,0.26796
1.602,0.4507,0.38508,0.26612
1.606,0.45418,0.38257,0.27083
1.61,0.4594,0.36876,0.2652
1.614,0.42807,0.37637,0.25614
1.618,0.4391,0.37725,0.26726
1.622,0.4391,0.3678,0.2599
1.626,0.44954,0.36876,0.26067
1.63,0.44026,0.37467,0.26137
1.634,0.44026,0.3647,0.26089
1.638,0.42575,0.37504,0.25533
1.642,0.41531,0.35902,0.25997
1.646,0.42111,0.35843,0.25607
1.65,0.41647,0.35717,0.25555
1.654,0.42865,0.35828,0.25853
1.658,0.41647,0.36101,0.26155
1.662,0.41995,0.35031,0.25632
1.666,0.42053,0.35961,0.249
1.67,0.41705,0.35252,0.25345
1.674,0.44258,0.3571,0.24819
1.678,0.40951,0.35171,0.2441
1.682,0.40081,0.34404,0.24557
1.686,0.40603,0.35341,0.24925
1.69,0.42749,0.35127,0.24325
1.694,0.42111,0.35267,0.24841
1.698,0.43213,0.33407,0.24561
1.702,0.40719,0.3481,0.23957
1.706,0.41473,0.34367,0.2409
1.71,0.37877,0.345,0.24226
1.714,0.39443,0.35164,0.23427
1.718,0.40255,0.34249,0.2388
1.722,0.42981,0.34337,0.24351
1.726,0.40023,0.34367,0.2388
1.73,0.41647,0.332,0.24207
1.734,0.42807,0.33747,0.23526
1.738,0.41241,0.33267,0.23567
1.742,0.38805,0.32455,0.23261
1.746,0.40893,0.34322,0.23766
1.75,0.42923,0.3419,0.23198
1.754,0.38689,0.3227,0.23121
1.758,0.40603,0.33363,0.2293
1.762,0.42053,0.32743,0.22996
1.766,0.37355,0.32861,0.23081
1.77,0.38167,0.32795,0.22587
1.774,0.42111,0.32256,0.22727
1.778,0.37761,0.32234,0.22234
1.782,0.41357,0.31946,0.22105
1.786,0.38747,0.33127,0.22838
1.79,0.40951,0.31894,0.22642
1.794,0.37993,0.31997,0.22329
1.798,0.38805,0.32285,0.22388
1.802,0.37819,0.32211,0.21755
1.806,0.37935,0.31473,0.21814
1.81,0.40719,0.3061,0.22451
1.814,0.37297,0.31163,0.21435
1.818,0.38747,0.31828,0.22072
1.822,0.36021,0.31082,0.21527
1.826,0.39153,0.30949,0.21468
1.83,0.40545,0.31636,0.21652
1.834,0.37065,0.30905,0.21092
1.838,0.39095,0.31355,0.21192
1.842,0.39037,0.29997,0.2086
1.846,0.38689,0.3041,0.20886
1.85,0.36021,0.30624,0.21482
1.854,0.35963,0.29532,0.21166
1.858,0.35731,0.2996,0.20842
1.862,0.39617,0.301,0.20993
1.866,0.38573,0.29443,0.21589
1.87,0.38109,0.30772,0.20882
1.874,0.34629,0.30772,0.20393
1.878,0.36543,0.29554,0.20672
1.882,0.36775,0.29421,0.20521
1.886,0.34049,0.3044,0.20838
1.89,0.38863,0.30255,0.20485
1.894,0.39907,0.29547,0.20444
1.898,0.36601,0.29362,0.20219
1.902,0.37877,0.29495,0.197
1.906,0.33585,0.29717,0.19851
1.91,0.33759,0.29768,0.19962
1.914,0.34687,0.29591,0.19593
1.918,0.37413,0.28787,0.20242
1.922,0.38283,0.2889,0.19446
1.926,0.34223,0.28698,0.19509
1.93,0.33179,0.29576,0.19619
1.934,0.35905,0.29451,0.20054
1.938,0.33933,0.29097,0.19733
1.942,0.34745,0.28683,0.19225
1.946,0.34455,0.27834,0.19376
1.95,0.35847,0.28639,0.19833
1.954,0.36195,0.28144,0.18942
1.958,0.36021,0.28019,0.18544
1.962,0.33991,0.28174,0.1959
1.966,0.31903,0.28432,0.18783
1.97,0.34977,0.27148,0.18839
1.974,0.34397,0.28004,0.19299
1.978,0.34571,0.27613,0.18743
1.982,0.37935,0.27768,0.19133
1.986,0.34803,0.27443,0.18901
1.99,0.36021,0.26897,0.18695
1.994,0.33991,0.27724,0.18846
1.998,0.34281,0.28071,0.1864
2.002,0.32715,0.27864,0.18393
2.006,0.32889,0.27273,0.18017
2.01,0.33991,0.27369,0.18621
2.014,0.33411,0.26329,0.18588
2.018,0.32425,0.27,0.18783
2.022,0.34049,0.26838,0.1797
2.026,0.33469,0.27059,0.18098
2.03,0.31845,0.27111,0.18548
2.034,0.32831,0.27421,0.18371
2.038,0.31497,0.2593,0.18058
2.042,0.35267,0.26794,0.17966
2.046,0.31148,0.25827,0.1787
2.05,0.32889,0.26535,0.17789
2.054,0.33585,0.26144,0.17414
2.058,0.32715,0.2627,0.17734
2.062,0.30974,0.25945,0.17951
2.066,0.32425,0.26484,0.17362
2.07,0.30568,0.26565,0.1734
2.074,0.33237,0.25369,0.17417
2.078,0.33585,0.25768,0.1745
2.082,0.31555,0.25332,0.17307
2.086,0.32773,0.26063,0.17064
2.09,0.33817,0.25849,0.17303
2.094,0.31323,0.24956,0.16905
2.098,0.29756,0.25251,0.17233
2.102,0.31032,0.25258,0.17369
2.106,0.33005,0.25864,0.16589
2.11,0.32309,0.24424,0.1727
2.114,0.308,0.25635,0.16869
2.118,0.34977,0.24889,0.16688
2.122,0.31323,0.24867,0.17005
2.126,0.31845,0.25517,0.1692
2.13,0.31497,0.25185,0.16721
2.134,0.2964,0.24587,0.16758
2.138,0.32135,0.24498,0.16368
2.142,0.30626,0.24262,0.16353
2.146,0.29582,0.24528,0.16298
2.15,0.30974,0.24048,0.16195
2.154,0.29176,0.24247,0.16025
2.158,0.31265,0.24033,0.15738
2.162,0.29756,0.2393,0.15738
2.166,0.29814,0.24063,0.16099
2.17,0.30568,0.23509,0.16603
2.174,0.30684,0.24483,0.1604
2.178,0.3109,0.24018,0.15801
2.182,0.29988,0.24122,0.15528
2.186,0.29582,0.23391,0.15723
2.19,0.31613,0.24055,0.15458
2.194,0.31265,0.2314,0.15705
2.198,0.29118,0.2345,0.15845
2.202,0.30452,0.23753,0.1534
2.206,0.31903,0.23007,0.15617
2.21,0.30278,0.22771,0.15219
2.214,0.30336,0.23671,0.15248
2.218,0.30046,0.22306,0.15698
2.222,0.29582,0.23443,0.15469
2.226,0.2732,0.23229,0.14939
2.23,0.28944,0.22778,0.15016
2.234,0.29582,0.23184,0.1579
2.238,0.28538,0.23465,0.15351
2.242,0.27146,0.22623,0.15072
2.246,0.30394,0.22557,0.15083
2.25,0.30162,0.23258,0.15322
2.254,0.28596,0.22483,0.15101
2.258,0.29698,0.21789,0.1572
2.262,0.2906,0.22572,0.15212
2.266,0.28596,0.23,0.15399
2.27,0.28074,0.23059,0.14641
2.274,0.30278,0.22756,0.14759
2.278,0.30568,0.21583,0.14586
2.282,0.27494,0.2249,0.146
2.286,0.28422,0.22697,0.14803
2.29,0.2703,0.22136,0.14946
2.294,0.27378,0.22601,0.1439
2.298,0.28016,0.22232,0.14203
2.302,0.29292,0.22136,0.14762
2.306,0.28074,0.22535,0.14007
2.31,0.28828,0.22173,0.14957
2.314,0.28248,0.21309,0.14276
2.318,0.28364,0.21693,0.14538
2.322,0.27088,0.20807,0.14486
2.326,0.27262,0.21915,0.14044
2.33,0.29176,0.21523,0.13882
2.334,0.25406,0.20461,0.14059
2.338,0.27958,0.21833,0.14383
2.342,0.29292,0.20741,0.1446
2.346,0.26102,0.21213,0.13429
2.35,0.25696,0.20844,0.13993
2.354,0.25754,0.20623,0.13359
2.358,0.28712,0.21073,0.14018
2.362,0.2674,0.20748,0.13901
2.366,0.25406,0.20874,0.13378
2.37,0.27494,0.20453,0.13588
2.374,0.26276,0.20822,0.13764
2.378,0.26392,0.20593,0.13345
2.382,0.2761,0.20675,0.12752
2.386,0.26682,0.20593,0.13264
2.39,0.26218,0.21118,0.13455
2.394,0.27726,0.20985,0.13135
2.398,0.25696,0.2049,0.13142
2.402,0.28712,0.20298,0.13197
2.406,0.27436,0.20719,0.13359
2.41,0.26682,0.20992,0.12925
2.414,0.26566,0.2004,0.13584
2.418,0.27436,0.20601,0.13286
2.422,0.27088,0.20121,0.13021
2.426,0.2674,0.20025,0.13043
2.43,0.26044,0.2001,0.13194
2.434,0.28422,0.19951,0.128
2.438,0.27146,0.19302,0.13091
2.442,0.24942,0.19243,0.1308
2.446,0.24826,0.19722,0.12851
2.45,0.24826,0.19479,0.12836
2.454,0.26972,0.19449,0.13002
2.458,0.25638,0.19914,0.13006
2.462,0.23724,0.20099,0.13116
2.466,0.2732,0.19693,0.1263
2.47,0.2413,0.19686,0.12428
2.474,0.28074,0.19442,0.12612
2.478,0.25,0.19494,0.1284
2.482,0.24826,0.19036,0.12553
2.486,0.2355,0.19169,0.12409
2.49,0.26914,0.18851,0.12137
2.494,0.25116,0.18711,0.12487
2.498,0.26102,0.19818,0.12244
2.502,0.23434,0.18874,0.12431
2.506,0.23376,0.19272,0.11945
2.51,0.2442,0.19117,0.12233
2.514,0.25348,0.18756,0.12505
2.518,0.24652,0.18911,0.12045
2.522,0.24188,0.19043,0.11997
2.526,0.25348,0.19117,0.12144
2.53,0.25696,0.18534,0.12063
2.534,0.23956,0.18689,0.11967
2.538,0.24072,0.18637,0.121
2.542,0.24942,0.18217,0.12218
2.546,0.25174,0.18896,0.11794
2.55,0.24304,0.17774,0.12159
2.554,0.24594,0.18003,0.11828
2.558,0.2355,0.18903,0.11724
2.562,0.23376,0.18527,0.11805
2.566,0.25174,0.18645,0.11713
2.57,0.22912,0.17811,0.12188
2.574,0.23086,0.18696,0.11809
2.578,0.22564,0.1835,0.11879
2.582,0.23724,0.18254,0.11452
2.586,0.23666,0.17862,0.114
2.59,0.24246,0.17265,0.11824
2.594,0.23028,0.16918,0.11743
2.598,0.2355,0.17427,0.11338
2.602,0.26276,0.17737,0.11618
2.606,0.24362,0.17338,0.1133
2.61,0.24072,0.17257,0.1122
2.614,0.25116,0.17781,0.11238
2.618,0.23202,0.17796,0.11183
2.622,0.22738,0.17324,0.11161
2.626,0.21346,0.16873,0.11187
2.63,0.23898,0.17501,0.11087
2.634,0.22622,0.17671,0.11507
2.638,0.22738,0.16667,0.10933
2.642,0.2181,0.17036,0.10988
2.646,0.23724,0.16777,0.11128
2.65,0.18561,0.17036,0.1136
2.654,0.21462,0.1742,0.11231
2.658,0.21578,0.16615,0.1076
2.662,0.21868,0.16999,0.1101
2.666,0.24304,0.17656,0.11253
2.67,0.2239,0.17065,0.10752
2.674,0.22158,0.16962,0.10859
2.678,0.2239,0.16357,0.11069
2.682,0.22564,0.16622,0.10774
2.686,0.1891,0.16704,0.11235
2.69,0.22564,0.16593,0.108
2.694,0.2065,0.16689,0.10727
2.698,0.21926,0.16482,0.10833
2.702,0.21056,0.16763,0.10877
2.706,0.24188,0.1674,0.10727
2.71,0.2297,0.16113,0.0995
2.714,0.20882,0.16342,0.10679
2.718,0.21694,0.16918,0.1055
2.722,0.21578,0.16371,0.10277
2.726,0.21346,0.16401,0.10804
2.73,0.22738,0.16718,0.1066
2.734,0.19896,0.16246,0.1027
2.738,0.23144,0.1632,0.10572
2.742,0.21172,0.17324,0.10266
2.746,0.23086,0.15434,0.10443
2.75,0.23086,0.16113,0.10299
2.754,0.19954,0.16298,0.10546
2.758,0.20708,0.15906,0.10325
2.762,0.1978,0.15301,0.10108
2.766,0.22738,0.155,0.10546
2.77,0.22332,0.15655,0.09957
2.774,0.23318,0.1539,0.10229
2.778,0.23318,0.16061,0.09997
2.782,0.22042,0.16032,0.09891
2.786,0.21752,0.16047,0.10119
2.79,0.21346,0.14947,0.10281
2.794,0.19954,0.16371,0.10089
2.798,0.19316,0.15176,0.0978
2.802,0.21926,0.15582,0.10001
2.806,0.20534,0.15678,0.10064
2.81,0.21462,0.15264,0.09865
2.814,0.1949,0.1488,0.0995
2.818,0.20128,0.15796,0.09662
2.822,0.22332,0.15205,0.09699
2.826,0.20708,0.14585,0.09931
2.83,0.19896,0.15183,0.09695
2.834,0.20186,0.1522,0.09655
2.838,0.22912,0.15862,0.10008
2.842,0.20824,0.14674,0.09486
2.846,0.1978,0.14755,0.09592
2.85,0.19722,0.15028,0.09703
2.854,0.2268,0.15006,0.09581
2.858,0.19954,0.14866,0.09839
2.862,0.21578,0.15515,0.09648
2.866,0.2065,0.15006,0.09504
2.87,0.19896,0.14674,0.09504
2.874,0.20534,0.14836,0.09592
2.878,0.2123,0.1443,0.09066
2.882,0.19954,0.14452,0.0995
2.886,0.18794,0.14467,0.09751
2.89,0.17749,0.1477,0.09283
2.894,0.21462,0.14467,0.09338
2.898,0.1978,0.14319,0.09058
2.902,0.2123,0.14718,0.09232
2.906,0.16937,0.14224,0.09117
2.91,0.21288,0.14829,0.09158
2.914,0.18968,0.14541,0.09184
2.918,0.20476,0.14637,0.09732
2.922,0.17923,0.14083,0.09202
2.926,0.20012,0.14231,0.09279
2.93,0.19954,0.14711,0.08937
2.934,0.16531,0.14209,0.0918
2.938,0.20012,0.14002,0.09191
2.942,0.21288,0.13412,0.09143
2.946,0.19374,0.14098,0.09092
2.95,0.18794,0.13611,0.09014
2.954,0.18561,0.13537,0.08878
2.958,0.19896,0.14452,0.08768
2.962,0.18677,0.13648,0.08801
2.966,0.18968,0.13744,0.08996
2.97,0.18619,0.13722,0.09136
2.974,0.20766,0.13891,0.09044
2.978,0.17401,0.14253,0.08385
2.982,0.18794,0.13168,0.08919
2.986,0.19258,0.13426,0.08742
2.99,0.20012,0.14452,0.08907
2.994,0.20186,0.14076,0.08399
2.998,0.17865,0.1364,0.08628
3.002,0.16937,0.13958,0.08694
3.006,0.19142,0.13906,0.08849
3.01,0.18794,0.13663,0.08631
3.014,0.18213,0.135,0.09106
3.018,0.15835,0.13419,0.0848
3.022,0.17401,0.13655,0.08749
3.026,0.1891,0.13485,0.08712
3.03,0.18155,0.13426,0.0897
3.034,0.19258,0.13353,0.08506
3.038,0.17459,0.13877,0.08477
3.042,0.19374,0.13153,0.08293
3.046,0.18677,0.13758,0.08657
3.05,0.17981,0.13508,0.08731
3.054,0.16531,0.12142,0.08513
3.058,0.18619,0.12755,0.08536
3.062,0.16357,0.13353,0.08513
3.066,0.17633,0.1319,0.08495
3.07,0.18735,0.1322,0.08256
3.074,0.18852,0.12718,0.08293
3.078,0.17749,0.12865,0.08653
3.082,0.17981,0.13316,0.08212
3.086,0.18677,0.12762,0.08399
3.09,0.19664,0.13175,0.08164
3.094,0.18213,0.12474,0.07961
3.098,0.16821,0.13448,0.07873
3.102,0.18329,0.12895,0.0841
3.106,0.16183,0.12843,0.08609
3.11,0.18619,0.12851,0.08245
3.114,0.17923,0.124,0.07729
3.118,0.16937,0.1243,0.08293
3.122,0.17807,0.12681,0.07921
3.126,0.17981,0.12437,0.08215
3.13,0.16009,0.12157,0.08072
3.134,0.1949,0.13183,0.08112
3.138,0.17401,0.12681,0.0795
3.142,0.17111,0.12629,0.08318
3.146,0.16995,0.12393,0.08086
3.15,0.16589,0.12733,0.07832
3.154,0.16995,0.12681,0.08131
3.158,0.15719,0.12637,0.08035
3.162,0.19142,0.12319,0.0798
3.166,0.17517,0.12533,0.07818
3.17,0.16125,0.11876,0.07814
3.174,0.17807,0.12393,0.07954
3.178,0.17401,0.12009,0.07832
3.182,0.16415,0.12371,0.07711
3.186,0.16009,0.12371,0.07799
3.19,0.17459,0.11884,0.08138
3.194,0.15661,0.12231,0.07935
3.198,0.17981,0.11854,0.07876
3.202,0.14675,0.12341,0.07611
3.206,0.16357,0.11987,0.0756
3.21,0.18329,0.12393,0.0763
3.214,0.16531,0.11913,0.07935
3.218,0.19026,0.11552,0.08005
3.222,0.15893,0.1136,0.07689
3.226,0.16009,0.12304,0.07578
3.23,0.17517,0.1136,0.07376
3.234,0.16473,0.12039,0.07748
3.238,0.17401,0.12149,0.07608
3.242,0.15719,0.12046,0.07236
3.246,0.15777,0.11345,0.0774
3.25,0.15835,0.11802,0.07545
3.254,0.15777,0.11448,0.0763
3.258,0.16357,0.12112,0.07497
3.262,0.15719,0.1088,0.07759
3.266,0.16647,0.11507,0.07354
3.27,0.15139,0.12039,0.07225
3.274,0.16473,0.11854,0.07718
3.278,0.15603,0.11456,0.07534
3.282,0.16763,0.11426,0.07468
3.286,0.17575,0.11611,0.07405
3.29,0.15197,0.11603,0.07449
3.294,0.15197,0.11123,0.07552
3.298,0.16705,0.11315,0.07604
3.302,0.15487,0.11596,0.0746
3.306,0.16589,0.11219,0.07088
3.31,0.13921,0.10991,0.0718
3.314,0.14849,0.11441,0.07022
3.318,0.16531,0.10917,0.07177
3.322,0.16067,0.11138,0.07471
3.326,0.16241,0.10821,0.07541
3.33,0.14095,0.11094,0.07026
3.334,0.15139,0.11397,0.07236
3.338,0.15661,0.10799,0.07331
3.342,0.15951,0.11559,0.07077
3.346,0.15197,0.11552,0.07217
3.35,0.16763,0.11537,0.07103
3.354,0.15081,0.11094,0.07269
3.358,0.15835,0.11027,0.07265
3.362,0.15197,0.11109,0.07011
3.366,0.15371,0.11544,0.07214
3.37,0.15835,0.10415,0.06963
3.374,0.14791,0.11013,0.06864
3.378,0.14501,0.11101,0.06985
3.382,0.15893,0.10961,0.06886
3.386,0.15255,0.10932,0.06786
3.39,0.16995,0.10304,0.06886
3.394,0.13979,0.10555,0.06595
3.398,0.12587,0.10474,0.06775
3.402,0.15603,0.10555,0.06823
3.406,0.13341,0.10769,0.06897
3.41,0.15545,0.10422,0.06886
3.414,0.14849,0.10503,0.06676
3.418,0.13689,0.10459,0.06978
3.422,0.16067,0.10156,0.07085
3.426,0.16125,0.10813,0.06779
3.43,0.14443,0.10769,0.06783
3.434,0.16473,0.10407,0.06451
3.438,0.13747,0.10976,0.06728
3.442,0.15255,0.10208,0.06462
3.446,0.14443,0.1023,0.06816
3.45,0.14675,0.09618,0.06985
3.454,0.14617,0.10075,0.06801
3.458,0.14385,0.10466,0.06757
3.462,0.15835,0.10252,0.07037
3.466,0.14153,0.10326,0.06584
3.47,0.14501,0.1009,0.06554
3.474,0.15719,0.09522,0.06849
3.478,0.13747,0.10016,0.06731
3.482,0.16763,0.10437,0.06908
3.486,0.13979,0.09699,0.06724
3.49,0.15139,0.09876,0.06639
3.494,0.12819,0.10112,0.06485
3.498,0.15313,0.10031,0.06705
3.502,0.14269,0.10009,0.06746
3.506,0.13631,0.10732,0.06485
3.51,0.15255,0.10193,0.06429
3.514,0.13805,0.09883,0.06149
3.518,0.15371,0.09603,0.06334
3.522,0.14269,0.10282,0.06407
3.526,0.13341,0.10053,0.06529
3.53,0.15835,0.10112,0.06433
3.534,0.15487,0.09455,0.06635
3.538,0.13689,0.09632,0.06621
3.542,0.13051,0.10105,0.06551
3.546,0.12703,0.09514,0.06602
3.55,0.13689,0.10075,0.06496
3.554,0.13225,0.09876,0.06311
3.558,0.14327,0.0947,0.06367
3.562,0.13573,0.09507,0.06245
3.566,0.12761,0.09706,0.06138
3.57,0.15371,0.09795,0.06264
3.574,0.14095,0.09714,0.06481
3.578,0.14153,0.09219,0.06186
3.582,0.13921,0.09677,0.06278
3.586,0.13167,0.0992,0.06208
3.59,0.15893,0.09714,0.06426
3.594,0.14269,0.1023,0.06168
3.598,0.12645,0.09618,0.05995
3.602,0.15777,0.09463,0.06087
3.606,0.13167,0.093,0.06241
3.61,0.13979,0.09381,0.06094
3.614,0.13283,0.08968,0.05899
3.618,0.12877,0.09522,0.06172
3.622,0.14559,0.09308,0.06135
3.626,0.14095,0.09728,0.06241
3.63,0.13921,0.10083,0.06024
3.634,0.12993,0.09256,0.06249
3.638,0.12587,0.09263,0.05947
3.642,0.13921,0.09197,0.06175
3.646,0.12471,0.09197,0.06374
3.65,0.14907,0.09699,0.0598
3.654,0.14443,0.09263,0.05951
3.658,0.12355,0.08739,0.06286
3.662,0.13225,0.093,0.05818
3.666,0.13225,0.09721,0.06278
3.67,0.11311,0.09389,0.0637
3.674,0.13747,0.08998,0.05737
3.678,0.12993,0.09389,0.0591
3.682,0.12529,0.09632,0.05814
3.686,0.13805,0.09441,0.05973
3.69,0.13863,0.08828,0.06076
3.694,0.13689,0.08474,0.05925
3.698,0.14385,0.09042,0.05903
3.702,0.12703,0.08968,0.05697
3.706,0.13631,0.09204,0.05881
3.71,0.14675,0.0902,0.05744
3.714,0.12355,0.09226,0.05582
3.718,0.12819,0.08614,0.06098
3.722,0.11775,0.09064,0.05704
3.726,0.12413,0.08909,0.05814
3.73,0.14443,0.08798,0.05752
3.734,0.12993,0.08732,0.05582
3.738,0.12703,0.0885,0.05811
3.742,0.11137,0.08835,0.0587
3.746,0.11717,0.0868,0.05472
3.75,0.11543,0.0868,0.05619
3.754,0.11079,0.0871,0.05601
3.758,0.11079,0.08791,0.05674
3.762,0.12007,0.08916,0.05752
3.766,0.12645,0.09071,0.05748
3.77,0.12819,0.08857,0.05774
3.774,0.12355,0.08643,0.0577
3.778,0.12529,0.08643,0.05608
3.782,0.10731,0.08702,0.05785
3.786,0.12123,0.08592,0.05763
3.79,0.12065,0.08747,0.05612
3.794,0.11659,0.08665,0.05652
3.798,0.12645,0.08813,0.05663
3.802,0.12993,0.08643,0.05575
3.806,0.11543,0.08319,0.05479
3.81,0.12123,0.08496,0.05465
3.814,0.11659,0.08127,0.05291
3.818,0.12355,0.08702,0.05531
3.822,0.12297,0.08245,0.05564
3.826,0.12471,0.08415,0.05615
3.83,0.13167,0.08503,0.05792
3.834,0.11833,0.08045,0.0559
3.838,0.12123,0.08784,0.05387
3.842,0.11311,0.08547,0.05711
3.846,0.12007,0.08363,0.05549
3.85,0.12297,0.08636,0.05391
3.854,0.11369,0.08702,0.05697
3.858,0.10905,0.0792,0.05376
3.862,0.11601,0.08451,0.05744
3.866,0.11601,0.07905,0.05372
3.87,0.11833,0.08333,0.05159
3.874,0.12239,0.08001,0.0538
3.878,0.10383,0.0809,0.05409
3.882,0.10557,0.08363,0.05505
3.886,0.11195,0.08503,0.05641
3.89,0.12123,0.08355,0.05498
3.894,0.11949,0.08407,0.0524
3.898,0.14211,0.08311,0.05608
3.902,0.11775,0.08533,0.05361
3.906,0.11195,0.08658,0.05494
3.91,0.12007,0.08245,0.05221
3.914,0.12355,0.07676,0.05361
3.918,0.10267,0.08031,0.05354
3.922,0.10847,0.0806,0.05152
3.926,0.13051,0.07735,0.05428
3.93,0.10847,0.08282,0.05137
3.934,0.10847,0.08127,0.05247
3.938,0.11601,0.07964,0.05155
3.942,0.11369,0.07366,0.05207
3.946,0.11775,0.0761,0.05291
3.95,0.11137,0.07743,0.05255
3.954,0.10789,0.0789,0.05085
3.958,0.10905,0.07846,0.05391
3.962,0.11891,0.07551,0.05144
3.966,0.11427,0.07721,0.05428
3.97,0.11659,0.08023,0.05244
3.974,0.10673,0.07713,0.05207
3.978,0.11195,0.0823,0.05196
3.982,0.12181,0.08429,0.04964
3.986,0.11485,0.07942,0.05347
3.99,0.10557,0.07979,0.05406
3.994,0.10441,0.07898,0.05023
3.998,0.11601,0.08127,0.05008
4.002,0.10151,0.073,0.0517
4.006,0.11485,0.07411,0.05093
4.01,0.11949,0.0761,0.04927
4.014,0.10615,0.07905,0.05082
4.018,0.11253,0.07676,0.05159
4.022,0.11543,0.0778,0.05203
4.026,0.11311,0.07448,0.05063
4.03,0.11137,0.07795,0.04901
4.034,0.12355,0.07544,0.04875
4.038,0.09049,0.07226,0.05144
4.042,0.10847,0.07588,0.05384
4.046,0.11021,0.07617,0.04746
4.05,0.11137,0.07499,0.05034
4.054,0.10325,0.07145,0.05177
4.058,0.09571,0.07595,0.04805
4.062,0.11833,0.07654,0.04835
4.066,0.10383,0.0758,0.04717
4.07,0.10615,0.07787,0.04842
4.074,0.11253,0.07551,0.04901
4.078,0.11195,0.07425,0.0485
4.082,0.12993,0.07315,0.04975
4.086,0.12645,0.07174,0.04949
4.09,0.11021,0.06828,0.0482
4.094,0.10093,0.07595,0.04967
4.098,0.10557,0.0727,0.04765
4.102,0.10673,0.07256,0.04967
4.106,0.09977,0.07093,0.05093
4.11,0.08933,0.07433,0.04875
4.114,0.10615,0.0758,0.04883
4.118,0.10035,0.07403,0.05221
4.122,0.10441,0.07056,0.04599
4.126,0.11137,0.06894,0.04632
4.13,0.10673,0.07189,0.04651
4.134,0.12355,0.07005,0.04794
4.138,0.09281,0.07012,0.04949
4.142,0.10209,0.07005,0.04934
4.146,0.10383,0.06591,0.04769
4.15,0.11717,0.07462,0.04746
4.154,0.10789,0.07226,0.04986
4.158,0.10905,0.07027,0.04647
4.162,0.10963,0.07285,0.04746
4.166,0.10615,0.06953,0.04872
4.17,0.09977,0.07418,0.04923
4.174,0.10093,0.07049,0.0475
4.178,0.10035,0.06879,0.04658
4.182,0.10731,0.07182,0.04643
4.186,0.09861,0.07086,0.04809
4.19,0.11021,0.0682,0.04783
4.194,0.09687,0.07226,0.04835
4.198,0.11485,0.07285,0.04658
4.202,0.09281,0.07138,0.04573
4.206,0.10499,0.07093,0.04566
4.21,0.11079,0.06864,0.04669
4.214,0.08875,0.06864,0.04621
4.218,0.09977,0.06709,0.04632
4.222,0.09281,0.07536,0.04459
4.226,0.10673,0.06761,0.04548
4.23,0.11717,0.07514,0.04596
4.234,0.09629,0.06724,0.04327
4.238,0.09107,0.06739,0.04503
4.242,0.09977,0.06798,0.04643
4.246,0.10731,0.07101,0.04522
4.25,0.09339,0.06385,0.04573
4.254,0.09107,0.06916,0.04596
4.258,0.10731,0.06754,0.04945
4.262,0.09455,0.06606,0.04651
4.266,0.10093,0.07012,0.04467
4.27,0.08005,0.06798,0.04253
4.274,0.08759,0.0713,0.04408
4.278,0.10905,0.06805,0.04441
4.282,0.09977,0.06894,0.04422
4.286,0.09165,0.06975,0.04426
4.29,0.09687,0.06385,0.04544
4.294,0.08817,0.07123,0.04485
4.298,0.09223,0.06717,0.04404
4.302,0.09571,0.06473,0.04584
4.306,0.10267,0.06599,0.04577
4.31,0.10151,0.06894,0.04422
4.314,0.10383,0.0665,0.04397
4.318,0.10151,0.06636,0.0433
4.322,0.08469,0.06488,0.04654
4.326,0.10731,0.0651,0.04518
4.33,0.09223,0.06444,0.04433
4.334,0.09455,0.06599,0.04632
4.338,0.08411,0.06274,0.04294
4.342,0.09745,0.06562,0.0443
4.346,0.09281,0.06547,0.04235
4.35,0.09397,0.06621,0.04235
4.354,0.10615,0.06724,0.04364
4.358,0.10267,0.0651,0.04308
4.362,0.09223,0.06805,0.04456
4.366,0.08991,0.06532,0.04419
4.37,0.09919,0.06289,0.04249
4.374,0.08527,0.06798,0.04478
4.378,0.09397,0.06067,0.04393
4.382,0.09861,0.06296,0.04286
4.386,0.10093,0.06244,0.0436
4.39,0.09223,0.0665,0.04279
4.394,0.09687,0.06761,0.04286
4.398,0.09571,0.06296,0.04433
4.402,0.08701,0.06326,0.04349
4.406,0.09919,0.06193,0.04297
4.41,0.09339,0.06274,0.04187
4.414,0.09919,0.06422,0.04109
4.418,0.10093,0.06318,0.04183
4.422,0.08817,0.06222,0.04021
4.426,0.09397,0.06208,0.04364
4.43,0.09919,0.06023,0.04419
4.434,0.08991,0.06562,0.04183
4.438,0.08585,0.06318,0.04275
4.442,0.08817,0.06311,0.04316
4.446,0.08527,0.06554,0.04364
4.45,0.08527,0.06532,0.04198
4.454,0.08469,0.06547,0.04327
4.458,0.08817,0.06082,0.04135
4.462,0.09803,0.06525,0.04143
4.466,0.08991,0.06149,0.04433
4.47,0.08295,0.06141,0.04246
4.474,0.09803,0.06038,0.04128
4.478,0.09107,0.06473,0.03958
4.482,0.09861,0.06377,0.03966
4.486,0.08933,0.05986,0.03918
4.49,0.08875,0.05934,0.04323
4.494,0.07831,0.05971,0.04301
4.498,0.08527,0.05971,0.03995
4.502,0.07831,0.06075,0.04316
4.506,0.08585,0.06215,0.04213
4.51,0.09861,0.06008,0.03756
4.514,0.08353,0.06208,0.04135
4.518,0.08643,0.05831,0.04124
4.522,0.08585,0.06016,0.04198
4.526,0.09223,0.06289,0.04139
4.53,0.08179,0.05971,0.04143
4.534,0.08643,0.06119,0.04003
4.538,0.08063,0.0606,0.04165
4.542,0.10035,0.06392,0.04235
4.546,0.08469,0.05787,0.0408
4.55,0.08353,0.0606,0.04073
4.554,0.10789,0.06193,0.03981
4.558,0.09107,0.05942,0.0401
4.562,0.07831,0.05957,0.04209
4.566,0.08759,0.0592,0.03929
4.57,0.08005,0.05779,0.04172
4.574,0.08643,0.05934,0.04043
4.578,0.09513,0.05816,0.03999
4.582,0.07947,0.06001,0.04139
4.586,0.07889,0.06126,0.04058
4.59,0.08237,0.06067,0.03973
4.594,0.08353,0.0637,0.04051
4.598,0.09049,0.05824,0.03896
4.602,0.08643,0.0589,0.04028
4.606,0.09455,0.0589,0.03966
4.61,0.08817,0.06067,0.03962
4.614,0.07773,0.05942,0.03944
4.618,0.07889,0.05713,0.04028
4.622,0.08121,0.05994,0.04054
4.626,0.08237,0.06075,0.03767
4.63,0.09513,0.05595,0.04058
4.634,0.08353,0.05647,0.04076
4.638,0.09049,0.05683,0.03782
4.642,0.09107,0.05676,0.0408
4.646,0.09977,0.05912,0.04051
4.65,0.07657,0.05772,0.03889
4.654,0.08063,0.05706,0.03741
4.658,0.10093,0.05344,0.04065
4.662,0.08353,0.05647,0.03852
4.666,0.08237,0.0575,0.03752
4.67,0.08121,0.05698,0.03855
4.674,0.08063,0.05683,0.04194
4.678,0.08991,0.05403,0.03701
4.682,0.08701,0.0575,0.03936
4.686,0.08527,0.05528,0.03907
4.69,0.07947,0.05624,0.0383
4.694,0.08005,0.05713,0.03763
4.698,0.09455,0.05861,0.03734
4.702,0.07831,0.05595,0.03664
4.706,0.08701,0.05469,0.03679
4.71,0.08875,0.05573,0.0362
4.714,0.06323,0.05492,0.03966
4.718,0.08643,0.05329,0.03682
4.722,0.07541,0.05381,0.03947
4.726,0.08411,0.04975,0.04065
4.73,0.08353,0.0575,0.03841
4.734,0.08933,0.05683,0.03785
4.738,0.08411,0.05285,0.03922
4.742,0.06323,0.05713,0.03771
4.746,0.07425,0.05292,0.03491
4.75,0.07135,0.05713,0.0376
4.754,0.08759,0.05396,0.038
4.758,0.06787,0.05344,0.03601
4.762,0.08005,0.05425,0.03668
4.766,0.08005,0.05145,0.03734
4.77,0.08121,0.05329,0.03546
4.774,0.07193,0.04997,0.03682
4.778,0.07425,0.05233,0.03874
4.782,0.07251,0.05661,0.03848
4.786,0.07831,0.05174,0.03738
4.79,0.06903,0.04938,0.03914
4.794,0.08353,0.05263,0.0373
4.798,0.07773,0.04968,0.03701
4.802,0.08237,0.05388,0.03649
4.806,0.08237,0.0527,0.03616
4.81,0.07541,0.05743,0.03546
4.814,0.08759,0.05182,0.03726
4.818,0.07251,0.05388,0.03708
4.822,0.07947,0.05019,0.03675
4.826,0.07367,0.05499,0.03668
4.83,0.07135,0.05329,0.03561
4.834,0.07425,0.05433,0.0376
4.838,0.07309,0.05359,0.03513
4.842,0.08643,0.05373,0.0366
4.846,0.07947,0.05314,0.03749
4.85,0.07135,0.05418,0.03911
4.854,0.07889,0.04872,0.03561
4.858,0.07251,0.05455,0.0373
4.862,0.07483,0.05189,0.0352
4.866,0.07367,0.05108,0.03848
4.87,0.08411,0.05004,0.03649
4.874,0.07367,0.05196,0.0366
4.878,0.08005,0.05093,0.03535
4.882,0.08469,0.05063,0.03517
4.886,0.08527,0.05307,0.03587
4.89,0.07947,0.05396,0.03513
4.894,0.07541,0.05447,0.03715
4.898,0.09397,0.05506,0.03454
4.902,0.08585,0.04798,0.03579
4.906,0.06497,0.04953,0.03634
4.91,0.07135,0.05174,0.03576
4.914,0.08005,0.05322,0.03557
4.918,0.07889,0.04872,0.03461
4.922,0.07889,0.05292,0.03738
4.926,0.08179,0.05373,0.03421
4.93,0.06555,0.04968,0.03627
4.934,0.07657,0.04916,0.0369
4.938,0.07715,0.05218,0.03576
4.942,0.08875,0.05115,0.03476
4.946,0.07831,0.04975,0.0355
4.95,0.07483,0.05137,0.03454
4.954,0.07193,0.05093,0.03425
4.958,0.06729,0.04857,0.03638
4.962,0.07019,0.04879,0.0345
4.966,0.07077,0.05123,0.03616
4.97,0.05916,0.05152,0.03605
4.974,0.06787,0.05086,0.0355
4.978,0.07947,0.04916,0.03506
4.982,0.07367,0.04724,0.03572
4.986,0.07483,0.05233,0.03351
4.99,0.08179,0.051,0.03513
4.994,0.06613,0.04916,0.03237
4.998,0.05858,0.0468,0.03465
5.002,0.06903,0.05211,0.03542
5.006,0.06903,0.0527,0.03366
5.01,0.07193,0.051,0.0348
5.014,0.06787,0.04982,0.0324
5.018,0.06729,0.04975,0.03351
5.022,0.07599,0.04968,0.03528
5.026,0.07077,0.04628,0.03332
5.03,0.05974,0.05159,0.03329
5.034,0.06845,0.04768,0.03329
5.038,0.07831,0.04584,0.03274
5.042,0.07599,0.0479,0.03288
5.046,0.06961,0.0499,0.03517
5.05,0.06961,0.04746,0.03535
5.054,0.06845,0.04923,0.03196
5.058,0.07541,0.05189,0.03483
5.062,0.06787,0.04377,0.03458
5.066,0.06148,0.04842,0.0341
5.07,0.06613,0.04842,0.03616
5.074,0.07135,0.04694,0.03314
5.078,0.06787,0.05019,0.032
5.082,0.06032,0.04886,0.03274
5.086,0.07135,0.04894,0.03388
5.09,0.06381,0.04776,0.03513
5.094,0.07019,0.04672,0.0324
5.098,0.07077,0.04554,0.03145
5.102,0.07367,0.04768,0.03425
5.106,0.06903,0.04717,0.03263
5.11,0.06555,0.04849,0.03344
5.114,0.06671,0.04945,0.03506
5.118,0.06323,0.05337,0.03251
5.122,0.0609,0.04813,0.03366
5.126,0.08005,0.0448,0.03281
5.13,0.06845,0.04768,0.03329
5.134,0.06381,0.04547,0.03263
5.138,0.07425,0.04488,0.03263
5.142,0.06903,0.05049,0.03373
5.146,0.06439,0.04414,0.03196
5.15,0.06381,0.04591,0.03189
5.154,0.06729,0.04576,0.03215
5.158,0.06961,0.04923,0.03064
5.162,0.08121,0.04554,0.03152
5.166,0.07483,0.04562,0.03167
5.17,0.05162,0.04658,0.03266
5.174,0.07483,0.0437,0.03067
5.178,0.05626,0.04621,0.03292
5.182,0.06845,0.05049,0.032
5.186,0.06497,0.0451,0.03259
5.19,0.07251,0.04399,0.03307
5.194,0.058,0.04443,0.03251
5.198,0.06497,0.04229,0.03266
5.202,0.06497,0.04525,0.03248
5.206,0.0609,0.04687,0.03351
5.21,0.07657,0.04488,0.03472
5.214,0.07657,0.04488,0.03244
5.218,0.06961,0.0448,0.03086
5.222,0.06961,0.04694,0.0317
5.226,0.06671,0.04458,0.03093
5.23,0.06555,0.04547,0.03366
5.234,0.06381,0.04451,0.03336
5.238,0.06961,0.04443,0.03148
5.242,0.06729,0.04429,0.03196
5.246,0.07193,0.04377,0.03277
5.25,0.06381,0.04503,0.03204
5.254,0.07483,0.04562,0.03296
5.258,0.05974,0.04554,0.03078
5.262,0.07309,0.04709,0.03196
5.266,0.05452,0.04348,0.03134
5.27,0.07367,0.04517,0.03112
5.274,0.07715,0.04348,0.03067
5.278,0.07309,0.04141,0.03134
5.282,0.06613,0.04532,0.03215
5.286,0.06787,0.04554,0.03229
5.29,0.07483,0.0448,0.0324
5.294,0.07077,0.04156,0.03222
5.298,0.06787,0.04495,0.03292
5.302,0.07019,0.04207,0.03027
5.306,0.06845,0.04466,0.03053
5.31,0.058,0.04429,0.03078
5.314,0.06613,0.04311,0.03012
5.318,0.04988,0.04067,0.031
5.322,0.06323,0.04466,0.03038
5.326,0.05858,0.04569,0.03038
5.33,0.06497,0.04163,0.03053
5.334,0.05568,0.04392,0.03222
5.338,0.07251,0.04643,0.031
5.342,0.06671,0.04111,0.03019
5.346,0.05162,0.0434,0.03108
5.35,0.05568,0.04266,0.03159
5.354,0.06323,0.0437,0.03097
5.358,0.06148,0.04288,0.03075
5.362,0.06555,0.04436,0.02894
5.366,0.06729,0.04377,0.03031
5.37,0.05916,0.04015,0.03126
5.374,0.05974,0.04097,0.03016
5.378,0.06497,0.04185,0.02946
5.382,0.06323,0.0437,0.03189
5.386,0.06381,0.04266,0.03075
5.39,0.05626,0.04355,0.02857
5.394,0.05974,0.04215,0.03237
5.398,0.06439,0.04126,0.03159
5.402,0.05858,0.0386,0.03075
5.406,0.06439,0.0417,0.031
5.41,0.05684,0.04222,0.02894
5.414,0.05162,0.04333,0.02916
5.418,0.06845,0.04318,0.03318
5.422,0.05858,0.04311,0.02994
5.426,0.0493,0.04407,0.03053
5.43,0.06613,0.042,0.02961
5.434,0.06032,0.04185,0.0285
5.438,0.06206,0.03986,0.03126
5.442,0.05916,0.04193,0.03156
5.446,0.058,0.03831,0.03082
5.45,0.05684,0.04362,0.02832
5.454,0.0609,0.0386,0.03123
5.458,0.06206,0.04525,0.03189
5.462,0.0522,0.04185,0.02758
5.466,0.08063,0.04067,0.02905
5.47,0.07193,0.04281,0.02832
5.474,0.05684,0.04104,0.0292
5.478,0.05684,0.04052,0.03163
5.482,0.06729,0.03831,0.02824
5.486,0.06265,0.04082,0.0285
5.49,0.06671,0.04104,0.03031
5.494,0.0551,0.03882,0.02854
5.498,0.05568,0.04252,0.03038
5.502,0.06206,0.04008,0.02997
5.506,0.05858,0.04133,0.03056
5.51,0.058,0.03779,0.0281
5.514,0.05684,0.03986,0.03042
5.518,0.06787,0.0437,0.03012
5.522,0.05046,0.04052,0.02887
5.526,0.05452,0.04141,0.03027
5.53,0.058,0.04274,0.03255
5.534,0.0493,0.03971,0.02894
5.538,0.04756,0.042,0.02806
5.542,0.06613,0.03956,0.0285
5.546,0.05858,0.03853,0.03038
5.55,0.04814,0.04207,0.02718
5.554,0.05452,0.03757,0.02946
5.558,0.06032,0.04414,0.02854
5.562,0.06961,0.03919,0.02806
5.566,0.0609,0.03971,0.02872
5.57,0.0609,0.03764,0.0306
5.574,0.05974,0.04215,0.03019
5.578,0.06206,0.04052,0.02732
5.582,0.05974,0.03875,0.0288
5.586,0.05452,0.03595,0.02817
5.59,0.06497,0.03927,0.02997
5.594,0.05336,0.04133,0.02791
5.598,0.0609,0.03727,0.02924
5.602,0.04466,0.04008,0.0292
5.606,0.0609,0.03809,0.02832
5.61,0.04756,0.04237,0.02909
5.614,0.06497,0.03838,0.03126
5.618,0.05916,0.04237,0.02894
5.622,0.0493,0.03993,0.02854
5.626,0.06497,0.04207,0.0278
5.63,0.04814,0.03882,0.02824
5.634,0.05394,0.03919,0.02754
5.638,0.05742,0.04215,0.02854
5.642,0.05974,0.03875,0.02769
5.646,0.05104,0.03823,0.02681
5.65,0.06032,0.03868,0.02935
5.654,0.05626,0.0386,0.02791
5.658,0.05684,0.03823,0.02905
5.662,0.05858,0.04067,0.02905
5.666,0.05336,0.03934,0.0285
5.67,0.04988,0.03875,0.02776
5.674,0.0493,0.03846,0.0271
5.678,0.05568,0.03757,0.02795
5.682,0.05626,0.03912,0.02869
5.686,0.07541,0.03838,0.02489
5.69,0.05046,0.03801,0.02633
5.694,0.0522,0.03602,0.02699
5.698,0.05162,0.0386,0.02791
5.702,0.05278,0.03632,0.0278
5.706,0.06265,0.03454,0.02637
5.71,0.05916,0.0375,0.02832
5.714,0.0493,0.04089,0.02817
5.718,0.04756,0.0375,0.0288
5.722,0.05742,0.03344,0.02419
5.726,0.05046,0.03558,0.0271
5.73,0.05858,0.03964,0.02865
5.734,0.05626,0.03366,0.02872
5.738,0.0551,0.03661,0.0271
5.742,0.06148,0.04045,0.02644
5.746,0.04582,0.03897,0.02714
5.75,0.05916,0.03772,0.02802
5.754,0.06032,0.0341,0.02743
5.758,0.04698,0.03432,0.02725
5.762,0.05336,0.03683,0.02648
5.766,0.04698,0.03787,0.02651
5.77,0.06439,0.03705,0.02891
5.774,0.0522,0.03757,0.02666
5.778,0.04524,0.03846,0.02677
5.782,0.0609,0.03713,0.02552
5.786,0.04176,0.03779,0.02592
5.79,0.05452,0.03587,0.02581
5.794,0.05452,0.03942,0.02688
5.798,0.04466,0.03668,0.02585
5.802,0.04872,0.03639,0.02791
5.806,0.04466,0.03668,0.02625
5.81,0.06032,0.0341,0.02743
5.814,0.06148,0.03654,0.02533
5.818,0.04872,0.0386,0.02754
5.822,0.03886,0.03794,0.0271
5.826,0.0522,0.03853,0.02611
5.83,0.05626,0.0355,0.02629
5.834,0.06032,0.03639,0.02607
5.838,0.0493,0.03801,0.02703
5.842,0.0609,0.0372,0.02736
5.846,0.05278,0.03727,0.02637
5.85,0.05452,0.03285,0.02589
5.854,0.05104,0.0386,0.02762
5.858,0.05452,0.03469,0.02681
5.862,0.05394,0.03764,0.02489
5.866,0.05278,0.03897,0.02497
5.87,0.04234,0.03809,0.026
5.874,0.05452,0.03587,0.02596
5.878,0.05046,0.03403,0.02703
5.882,0.05858,0.03314,0.02799
5.886,0.05336,0.03558,0.02736
5.89,0.0522,0.03417,0.02625
5.894,0.04988,0.03772,0.02776
5.898,0.05916,0.0355,0.02633
5.902,0.0464,0.03727,0.02533
5.906,0.05858,0.03683,0.02563
5.91,0.04408,0.03565,0.02585
5.914,0.05452,0.03942,0.02614
5.918,0.0522,0.03403,0.02581
5.922,0.05278,0.03868,0.0243
5.926,0.0464,0.03056,0.02331
5.93,0.04408,0.03595,0.02603
5.934,0.05626,0.03388,0.02489
5.938,0.04698,0.03764,0.02644
5.942,0.0464,0.03624,0.02821
5.946,0.05104,0.03587,0.02556
5.95,0.04466,0.03491,0.02655
5.954,0.04524,0.03506,0.02699
5.958,0.05278,0.03536,0.02449
5.962,0.04988,0.0344,0.02504
5.966,0.05162,0.03373,0.02611
5.97,0.0464,0.03853,0.02703
5.974,0.04408,0.03602,0.02659
5.978,0.0551,0.0344,0.02578
5.982,0.04698,0.03262,0.02486
5.986,0.04234,0.03226,0.02706
5.99,0.05278,0.03809,0.02519
5.994,0.04408,0.03617,0.02651
5.998,0.04466,0.03211,0.0239
6.002,0.04988,0.03646,0.02622
6.006,0.04582,0.03041,0.02581
6.01,0.05278,0.03299,0.02813
6.014,0.05336,0.03543,0.02537
6.018,0.05278,0.03668,0.02567
6.022,0.03944,0.03484,0.02677
6.026,0.05336,0.0358,0.02463
6.03,0.04872,0.0341,0.02379
6.034,0.05046,0.03019,0.0246
6.038,0.05568,0.03772,0.02541
6.042,0.0464,0.03403,0.02585
6.046,0.05046,0.03299,0.02438
6.05,0.04118,0.03381,0.02467
6.054,0.04814,0.03742,0.02342
6.058,0.04292,0.03425,0.0264
6.062,0.04582,0.03299,0.0257
6.066,0.05684,0.03388,0.02467
6.07,0.04698,0.03403,0.02419
6.074,0.0493,0.03211,0.02522
6.078,0.05916,0.03299,0.02427
6.082,0.04756,0.03336,0.02467
6.086,0.05336,0.03344,0.0239
6.09,0.0435,0.03322,0.02567
6.094,0.04118,0.03425,0.02482
6.098,0.04234,0.03521,0.02552
6.102,0.04524,0.0324,0.02475
6.106,0.05452,0.03344,0.02522
6.11,0.05162,0.03358,0.02589
6.114,0.03654,0.0327,0.02585
6.118,0.04698,0.03528,0.02423
6.122,0.04872,0.03683,0.02371
6.126,0.04524,0.03248,0.02508
6.13,0.04176,0.03484,0.02581
6.134,0.03828,0.03307,0.02449
6.138,0.05046,0.03211,0.02335
6.142,0.0406,0.03417,0.02456
6.146,0.04756,0.03292,0.02482
6.15,0.04698,0.03307,0.02412
6.154,0.0493,0.0324,0.02441
6.158,0.05394,0.03381,0.02537
6.162,0.04466,0.03189,0.02364
6.166,0.05162,0.03661,0.02452
6.17,0.04176,0.0327,0.02618
6.174,0.03886,0.03307,0.02611
6.178,0.0435,0.03122,0.02423
6.182,0.04524,0.03314,0.0253
6.186,0.04756,0.0341,0.0246
6.19,0.0522,0.03189,0.0239
6.194,0.03828,0.0327,0.02368
6.198,0.04234,0.03329,0.02298
6.202,0.058,0.03144,0.02452
6.206,0.04756,0.03454,0.02452
6.21,0.0464,0.03056,0.0239
6.214,0.05104,0.03307,0.02283
6.218,0.04756,0.03299,0.0229
6.222,0.05452,0.03285,0.02338
6.226,0.04234,0.0313,0.02346
6.23,0.03828,0.03226,0.02511
6.234,0.04814,0.03181,0.02434
6.238,0.05046,0.03174,0.02312
6.242,0.04582,0.02967,0.02401
6.246,0.04234,0.03218,0.02239
6.25,0.05394,0.03137,0.02312
6.254,0.04756,0.03218,0.02423
6.258,0.0522,0.03285,0.02423
6.262,0.0551,0.03277,0.0236
6.266,0.04582,0.03048,0.02581
6.27,0.0435,0.02901,0.02452
6.274,0.04524,0.03233,0.02368
6.278,0.04002,0.03425,0.02497
6.282,0.04756,0.03107,0.02607
6.286,0.04408,0.02982,0.02397
6.29,0.05278,0.03085,0.02338
6.294,0.04872,0.02827,0.02379
6.298,0.03944,0.03078,0.02526
6.302,0.05162,0.03012,0.02379
6.306,0.04466,0.03115,0.02364
6.31,0.0377,0.03012,0.02114
6.314,0.04176,0.03322,0.02452
6.318,0.04408,0.03004,0.02397
6.322,0.04582,0.03041,0.02338
6.326,0.03886,0.02938,0.02423
6.33,0.05046,0.03063,0.02353
6.334,0.03712,0.03322,0.02386
6.338,0.04002,0.02901,0.02412
6.342,0.04698,0.03093,0.02382
6.346,0.04988,0.03137,0.02397
6.35,0.0493,0.02975,0.02184
6.354,0.04698,0.03078,0.02445
6.358,0.04582,0.0296,0.0239
6.362,0.05104,0.0296,0.02349
6.366,0.04466,0.03262,0.0232
6.37,0.0522,0.03388,0.02254
6.374,0.04524,0.03226,0.02209
6.378,0.04872,0.03122,0.02371
6.382,0.0493,0.03167,0.02338
6.386,0.03596,0.03071,0.02445
6.39,0.03306,0.0313,0.02563
6.394,0.04698,0.02871,0.02327
6.398,0.03422,0.02997,0.02449
6.402,0.03538,0.02864,0.02261
6.406,0.0435,0.03071,0.02272
6.41,0.0435,0.03181,0.02202
6.414,0.04524,0.03071,0.02265
6.418,0.0406,0.03085,0.02445
6.422,0.03886,0.03174,0.02438
6.426,0.0493,0.031,0.02173
6.43,0.03654,0.02975,0.02265
6.434,0.03886,0.0313,0.02279
6.438,0.04118,0.03034,0.02312
6.442,0.04872,0.02834,0.02162
6.446,0.04176,0.03203,0.02368
6.45,0.04408,0.0313,0.02346
6.454,0.03538,0.02908,0.02324
6.458,0.04002,0.03211,0.02191
6.462,0.03654,0.02997,0.02382
6.466,0.05104,0.02864,0.02231
6.47,0.04234,0.02834,0.02235
6.474,0.03886,0.02982,0.02217
6.478,0.04466,0.02952,0.02239
6.482,0.029,0.03019,0.02209
6.486,0.03364,0.03012,0.0236
6.49,0.0406,0.03056,0.0225
6.494,0.04814,0.03115,0.0236
6.498,0.0464,0.02916,0.02128
6.502,0.05104,0.02834,0.0215
6.506,0.03654,0.03314,0.02305
6.51,0.0493,0.03152,0.02298
6.514,0.0406,0.02938,0.02375
6.518,0.04408,0.03071,0.02132
6.522,0.04118,0.02901,0.02268
6.526,0.04234,0.02871,0.02261
6.53,0.04524,0.02989,0.02261
6.534,0.05858,0.03159,0.02213
6.538,0.04524,0.02731,0.02353
6.542,0.04118,0.02797,0.02239
6.546,0.04524,0.02834,0.02169
6.55,0.04292,0.02886,0.02327
6.554,0.04814,0.02975,0.02014
6.558,0.04002,0.02834,0.02257
6.562,0.04176,0.02893,0.0218
6.566,0.04292,0.02871,0.02228
6.57,0.04408,0.03004,0.02069
6.574,0.03712,0.02753,0.01999
6.578,0.04582,0.02967,0.02261
6.582,0.04234,0.0279,0.02169
6.586,0.0464,0.03078,0.02147
6.59,0.03828,0.02923,0.02298
6.594,0.04002,0.02687,0.02268
6.598,0.0406,0.03085,0.02165
6.602,0.03654,0.02768,0.02158
6.606,0.04756,0.03226,0.02298
6.61,0.04176,0.02864,0.02228
6.614,0.04524,0.02805,0.02114
6.618,0.04292,0.02738,0.02117
6.622,0.03944,0.03085,0.02209
6.626,0.03016,0.02672,0.02316
6.63,0.04408,0.02945,0.01966
6.634,0.04118,0.02842,0.02228
6.638,0.04002,0.02532,0.02117
6.642,0.0406,0.02665,0.02147
6.646,0.04002,0.02591,0.02125
6.65,0.05104,0.02938,0.02106
6.654,0.0406,0.02805,0.02195
6.658,0.03306,0.03034,0.02125
6.662,0.04002,0.02842,0.02095
6.666,0.04292,0.02635,0.02062
6.67,0.03712,0.02812,0.02283
6.674,0.04408,0.02583,0.02254
6.678,0.04292,0.02768,0.02158
6.682,0.0377,0.03093,0.02173
6.686,0.03712,0.02694,0.02103
6.69,0.02958,0.0265,0.02202
6.694,0.03654,0.02606,0.02224
6.698,0.04524,0.02679,0.02139
6.702,0.04118,0.02989,0.02147
6.706,0.03306,0.03056,0.02375
6.71,0.0348,0.02613,0.02187
6.714,0.04176,0.02642,0.0211
6.718,0.0377,0.02768,0.02268
6.722,0.0377,0.02849,0.02036
6.726,0.04524,0.02502,0.02139
6.73,0.03596,0.02842,0.02217
6.734,0.04988,0.02997,0.02217
6.738,0.04582,0.02672,0.02254
6.742,0.03712,0.02731,0.02184
6.746,0.0435,0.02871,0.02103
6.75,0.04524,0.02768,0.02228
6.754,0.04408,0.03056,0.02198
6.758,0.04234,0.02487,0.02371
6.762,0.0377,0.02753,0.02073
6.766,0.04234,0.02805,0.01992
6.77,0.02726,0.02952,0.02224
6.774,0.03654,0.03041,0.02272
6.778,0.03712,0.02805,0.02235
6.782,0.04176,0.0293,0.02235
6.786,0.04234,0.02893,0.01963
6.79,0.03422,0.02893,0.02092
6.794,0.03306,0.02849,0.0229
6.798,0.0406,0.02672,0.02099
6.802,0.03132,0.02871,0.02025
6.806,0.0377,0.02635,0.02257
6.81,0.04176,0.02547,0.02099
6.814,0.03654,0.02724,0.02143
6.818,0.03248,0.0296,0.02073
6.822,0.04408,0.02414,0.02092
6.826,0.04234,0.02871,0.02117
6.83,0.02842,0.02657,0.02029
6.834,0.0406,0.0265,0.01952
6.838,0.03248,0.0265,0.02069
6.842,0.0406,0.02657,0.02099
6.846,0.04234,0.02731,0.02044
6.85,0.04118,0.02502,0.01959
6.854,0.0377,0.02465,0.02132
6.858,0.03422,0.02923,0.02125
6.862,0.0435,0.0282,0.02058
6.866,0.03016,0.02399,0.02025
6.87,0.0377,0.02399,0.02191
6.874,0.04118,0.02583,0.02055
6.878,0.03886,0.02517,0.01985
6.882,0.0319,0.02679,0.01974
6.886,0.0377,0.02635,0.0204
6.89,0.03712,0.02997,0.01966
6.894,0.0377,0.02598,0.02033
6.898,0.0377,0.02679,0.02099
6.902,0.03654,0.0265,0.02058
6.906,0.03538,0.02642,0.01988
6.91,0.03712,0.02554,0.02077
6.914,0.02958,0.02797,0.02051
6.918,0.03596,0.02642,0.02014
6.922,0.04466,0.02436,0.01889
6.926,0.04408,0.02583,0.02018
6.93,0.04176,0.02613,0.02143
6.934,0.04234,0.02606,0.01981
6.938,0.03422,0.02635,0.02176
6.942,0.03886,0.02414,0.01999
6.946,0.04176,0.02694,0.02143
6.95,0.04988,0.02642,0.02095
6.954,0.03538,0.0251,0.02125
6.958,0.03306,0.02665,0.01992
6.962,0.0493,0.02591,0.0197
6.966,0.03886,0.02576,0.02132
6.97,0.029,0.02583,0.02176
6.974,0.02958,0.02591,0.02187
6.978,0.03886,0.02561,0.0208
6.982,0.0406,0.0265,0.02073
6.986,0.04234,0.0262,0.01974
6.99,0.0406,0.02443,0.01959
6.994,0.03422,0.02465,0.02029
6.998,0.03364,0.0262,0.0208
7.002,0.0348,0.02495,0.0197
7.006,0.03364,0.02628,0.02047
7.01,0.03422,0.02554,0.02014
7.014,0.0377,0.02465,0.02154
7.018,0.03538,0.02864,0.0197
7.022,0.02494,0.02443,0.02084
7.026,0.03364,0.02613,0.01955
7.03,0.04814,0.0251,0.02003
7.034,0.03074,0.02886,0.01815
7.038,0.04292,0.02576,0.01845
7.042,0.04814,0.02561,0.0204
7.046,0.03074,0.0248,0.02029
7.05,0.03596,0.0234,0.01882
7.054,0.03654,0.02628,0.02073
7.058,0.04176,0.02591,0.01878
7.062,0.03538,0.02679,0.02117
7.066,0.0348,0.02547,0.01977
7.07,0.0406,0.02539,0.02047
7.074,0.03654,0.02724,0.01907
7.078,0.04466,0.02524,0.01845
7.082,0.04756,0.02391,0.01893
7.086,0.03422,0.0248,0.01849
7.09,0.03132,0.02547,0.0197
7.094,0.03306,0.02738,0.02014
7.098,0.03306,0.02465,0.01981
7.102,0.0406,0.02517,0.01933
7.106,0.03422,0.02369,0.01852
7.11,0.0377,0.0248,0.02047
7.114,0.03654,0.02702,0.01963
7.118,0.03422,0.02414,0.01896
7.122,0.03422,0.02532,0.01889
7.126,0.02784,0.02724,0.01885
7.13,0.03596,0.02391,0.01819
7.134,0.03248,0.02436,0.02062
7.138,0.03712,0.0248,0.01841
7.142,0.04002,0.02753,0.02007
7.146,0.03712,0.02318,0.02014
7.15,0.02668,0.02458,0.01871
7.154,0.04698,0.02377,0.01937
7.158,0.03132,0.02465,0.0197
7.162,0.03422,0.0251,0.01804
7.166,0.0319,0.02524,0.01955
7.17,0.04408,0.02303,0.01867
7.174,0.03828,0.02391,0.01996
7.178,0.02842,0.02406,0.01959
7.182,0.02958,0.02495,0.02121
7.186,0.029,0.02576,0.01834
7.19,0.0348,0.02369,0.01904
7.194,0.04002,0.02473,0.01753
7.198,0.02668,0.02532,0.01915
7.202,0.03654,0.02303,0.01966
7.206,0.03654,0.02635,0.01882
7.21,0.04176,0.0231,0.01896
7.214,0.03944,0.02576,0.0179
7.218,0.03596,0.02355,0.0193
7.222,0.03306,0.02487,0.01933
7.226,0.04292,0.02303,0.02022
7.23,0.03364,0.02465,0.01863
7.234,0.02842,0.02384,0.01804
7.238,0.04408,0.02303,0.01981
7.242,0.0319,0.02377,0.01874
7.246,0.03422,0.02355,0.01837
7.25,0.04176,0.0248,0.01804
7.254,0.03944,0.02451,0.01933
7.258,0.02958,0.02377,0.01896
7.262,0.04002,0.02185,0.01731
7.266,0.03364,0.02163,0.02018
7.27,0.03422,0.02332,0.01768
7.274,0.03016,0.02266,0.0176
7.278,0.03306,0.0217,0.01904
7.282,0.03364,0.02303,0.01679
7.286,0.0377,0.02436,0.01863
7.29,0.03074,0.02377,0.0186
7.294,0.03828,0.02332,0.01797
7.298,0.03132,0.02185,0.01815
7.302,0.02378,0.02451,0.01834
7.306,0.02784,0.02428,0.01826
7.31,0.03248,0.022,0.01819
7.314,0.0319,0.02369,0.01768
7.318,0.02958,0.02384,0.01922
7.322,0.03422,0.02332,0.01701
7.326,0.03364,0.02296,0.01922
7.33,0.02842,0.02244,0.01907
7.334,0.02958,0.02133,0.01878
7.338,0.03306,0.02473,0.01937
7.342,0.04176,0.02318,0.01756
7.346,0.03248,0.02391,0.01742
7.35,0.0319,0.02473,0.01779
7.354,0.0348,0.02126,0.01933
7.358,0.03074,0.02214,0.01738
7.362,0.03248,0.02266,0.01852
7.366,0.03944,0.02273,0.01812
7.37,0.03422,0.02089,0.0179
7.374,0.03074,0.02141,0.01856
7.378,0.0377,0.02325,0.01646
7.382,0.03422,0.02222,0.01841
7.386,0.03654,0.02155,0.01793
7.39,0.02842,0.02332,0.01907
7.394,0.03074,0.02133,0.01911
7.398,0.03654,0.02583,0.01756
7.402,0.0348,0.0231,0.01826
7.406,0.02726,0.02428,0.01768
7.41,0.03132,0.02244,0.01878
7.414,0.03248,0.02318,0.01723
7.418,0.0348,0.02473,0.0193
7.422,0.03364,0.02273,0.01812
7.426,0.02958,0.0234,0.01915
7.43,0.0319,0.02104,0.01815
7.434,0.0348,0.02502,0.0179
7.438,0.0319,0.02222,0.01841
7.442,0.03074,0.02362,0.0179
7.446,0.03886,0.02281,0.01896
7.45,0.029,0.0248,0.01775
7.454,0.03248,0.02532,0.01701
7.458,0.03364,0.02384,0.01918
7.462,0.03074,0.02399,0.01797
7.466,0.03886,0.0217,0.01731
7.47,0.03712,0.0234,0.01922
7.474,0.03248,0.02428,0.01731
7.478,0.02842,0.02259,0.0186
7.482,0.03422,0.02421,0.01849
7.486,0.03654,0.0234,0.01992
7.49,0.04176,0.02436,0.01815
7.494,0.03016,0.02266,0.0169
7.498,0.03306,0.02273,0.01749
7.502,0.0319,0.02495,0.0176
7.506,0.03016,0.02281,0.01812
7.51,0.0319,0.02096,0.01679
7.514,0.03422,0.02126,0.01786
7.518,0.0319,0.02081,0.01543
7.522,0.0435,0.02369,0.01907
7.526,0.02494,0.02332,0.01686
7.53,0.02784,0.02059,0.01672
7.534,0.03828,0.02244,0.01867
7.538,0.03712,0.02104,0.01896
7.542,0.02146,0.02288,0.01933
7.546,0.03828,0.01978,0.01801
7.55,0.02842,0.02111,0.0169
7.554,0.03538,0.02104,0.01683
7.558,0.03654,0.02192,0.01874
7.562,0.02784,0.02229,0.01841
7.566,0.02958,0.02347,0.01801
7.57,0.03538,0.02465,0.01624
7.574,0.02726,0.02118,0.01871
7.578,0.03944,0.02214,0.01705
7.582,0.03422,0.02244,0.01764
7.586,0.03132,0.02259,0.01867
7.59,0.03944,0.02155,0.01709
7.594,0.03654,0.02177,0.01768
7.598,0.03538,0.02141,0.01635
7.602,0.0377,0.02229,0.01672
7.606,0.02958,0.02185,0.0176
7.61,0.029,0.02391,0.01738
7.614,0.02552,0.02355,0.01841
7.618,0.0377,0.0217,0.01572
7.622,0.03074,0.02406,0.01764
7.626,0.03886,0.02177,0.01672
7.63,0.0377,0.02096,0.01782
7.634,0.029,0.022,0.0186
7.638,0.02436,0.02118,0.01867
7.642,0.03828,0.02133,0.01734
7.646,0.03248,0.02362,0.01764
7.65,0.02668,0.02141,0.01598
7.654,0.03306,0.02008,0.01933
7.658,0.02842,0.02185,0.01749
7.662,0.029,0.02163,0.01756
7.666,0.03538,0.02096,0.01661
7.67,0.03712,0.02052,0.0176
7.674,0.02958,0.02133,0.0176
7.678,0.03306,0.02141,0.01742
7.682,0.03538,0.02185,0.0158
7.686,0.02842,0.02259,0.01646
7.69,0.03016,0.02141,0.01672
7.694,0.02726,0.02089,0.0183
7.698,0.0319,0.02118,0.01882
7.702,0.03248,0.02266,0.01815
7.706,0.02784,0.02266,0.0172
7.71,0.029,0.02052,0.01661
7.714,0.02958,0.02214,0.01756
7.718,0.03596,0.02141,0.01646
7.722,0.02378,0.01949,0.01738
7.726,0.03248,0.02185,0.01668
7.73,0.0261,0.01926,0.01756
7.734,0.03132,0.02067,0.01609
7.738,0.02668,0.022,0.01712
7.742,0.03364,0.022,0.01664
7.746,0.0348,0.02192,0.01613
7.75,0.03364,0.02141,0.01705
7.754,0.03074,0.02045,0.01804
7.758,0.02842,0.02133,0.01734
7.762,0.03248,0.02259,0.01583
7.766,0.02668,0.02155,0.01834
7.77,0.03306,0.01986,0.01628
7.774,0.02552,0.02318,0.01815
7.778,0.03074,0.01949,0.01764
7.782,0.02726,0.02163,0.01679
7.786,0.03712,0.02074,0.01539
7.79,0.03422,0.01963,0.01745
7.794,0.02436,0.02266,0.0169
7.798,0.03364,0.02022,0.01723
7.802,0.03248,0.02008,0.01617
7.806,0.02204,0.02163,0.01609
7.81,0.03248,0.02059,0.01727
7.814,0.0319,0.01986,0.01779
7.818,0.03016,0.02236,0.01716
7.822,0.03132,0.02251,0.01683
7.826,0.0319,0.01831,0.01698
7.83,0.03422,0.02236,0.01712
7.834,0.03132,0.01993,0.01598
7.838,0.02784,0.02141,0.01679
7.842,0.0319,0.02192,0.01779
7.846,0.02668,0.02022,0.01639
7.85,0.02726,0.01897,0.0183
7.854,0.02842,0.01941,0.01605
7.858,0.03132,0.02251,0.01602
7.862,0.02726,0.01978,0.01661
7.866,0.02552,0.0203,0.01631
7.87,0.03248,0.02259,0.01716
7.874,0.03364,0.02251,0.01745
7.878,0.02494,0.02229,0.0165
7.882,0.02668,0.02081,0.01845
7.886,0.02784,0.02067,0.01594
7.89,0.0348,0.0186,0.01639
7.894,0.03538,0.0186,0.01694
7.898,0.02726,0.01897,0.01727
7.902,0.02842,0.01949,0.01683
7.906,0.03828,0.02104,0.01657
7.91,0.0377,0.02059,0.01569
7.914,0.029,0.02037,0.0165
7.918,0.03364,0.02251,0.01727
7.922,0.02552,0.02288,0.01819
7.926,0.0261,0.02222,0.01565
7.93,0.03132,0.02067,0.0172
7.934,0.03016,0.02229,0.01594
7.938,0.02842,0.02141,0.0169
7.942,0.02552,0.02045,0.01583
7.946,0.03016,0.02244,0.01642
7.95,0.02958,0.02037,0.01683
7.954,0.02784,0.01993,0.01576
7.958,0.03248,0.01882,0.01594
7.962,0.0232,0.0189,0.01639
7.966,0.02842,0.02104,0.0172
7.97,0.03132,0.01897,0.01657
7.974,0.02668,0.01934,0.01543
7.978,0.0261,0.01986,0.01664
7.982,0.02436,0.02022,0.01657
7.986,0.02436,0.02037,0.01488
7.99,0.02668,0.02089,0.01591
7.994,0.02668,0.01986,0.01624
7.998,0.02958,0.01845,0.01502
8.002,0.0232,0.01941,0.01716
8.006,0.02436,0.02,0.01543
8.01,0.02378,0.01698,0.01513
8.014,0.02668,0.02096,0.01631
8.018,0.03016,0.02022,0.01591
8.022,0.02552,0.02059,0.01598
8.026,0.02552,0.02067,0.01716
8.03,0.03074,0.01941,0.01642
8.034,0.02784,0.022,0.01572
8.038,0.01798,0.02133,0.01539
8.042,0.02726,0.02022,0.01532
8.046,0.02552,0.02022,0.01698
8.05,0.029,0.02074,0.01668
8.054,0.03016,0.01949,0.01609
8.058,0.03306,0.01956,0.01506
8.062,0.02668,0.01845,0.01543
8.066,0.02378,0.02148,0.01635
8.07,0.02726,0.02192,0.01642
8.074,0.02842,0.02141,0.01576
8.078,0.03538,0.01853,0.01613
8.082,0.02262,0.0186,0.01679
8.086,0.02668,0.01823,0.01635
8.09,0.02494,0.02155,0.01653
8.094,0.02668,0.0203,0.01506
8.098,0.02668,0.02081,0.01583
8.102,0.02552,0.02045,0.01639
8.106,0.03422,0.02081,0.01657
8.11,0.02494,0.01949,0.01635
8.114,0.02784,0.01971,0.01499
8.118,0.02784,0.01823,0.01723
8.122,0.02494,0.01963,0.01639
8.126,0.03074,0.01978,0.01587
8.13,0.02378,0.02155,0.01679
8.134,0.02668,0.01875,0.01462
8.138,0.03016,0.02067,0.01558
8.142,0.0261,0.01912,0.01598
8.146,0.02668,0.0203,0.01602
8.15,0.0261,0.01978,0.01594
8.154,0.02088,0.01949,0.01602
8.158,0.03016,0.01867,0.01532
8.162,0.03364,0.01934,0.01657
8.166,0.029,0.01904,0.01587
8.17,0.02668,0.01897,0.01572
8.174,0.04002,0.01823,0.01513
8.178,0.02494,0.02015,0.01675
8.182,0.03074,0.01963,0.01521
8.186,0.02958,0.01712,0.01499
8.19,0.02262,0.01956,0.0162
8.194,0.02668,0.01956,0.01547
8.198,0.02842,0.02008,0.01565
8.202,0.02436,0.01757,0.01565
8.206,0.03016,0.02022,0.01432
8.21,0.03016,0.02273,0.01583
8.214,0.03074,0.02214,0.01532
8.218,0.029,0.01912,0.0165
8.222,0.03248,0.01875,0.01628
8.226,0.03016,0.01993,0.01547
8.23,0.02842,0.01698,0.01462
8.234,0.03422,0.02045,0.01664
8.238,0.02378,0.01986,0.01602
8.242,0.02726,0.01764,0.01455
8.246,0.02668,0.0189,0.01532
8.25,0.03016,0.01764,0.01569
8.254,0.02552,0.02111,0.01484
8.258,0.02784,0.01845,0.01664
8.262,0.02436,0.01712,0.01576
8.266,0.02958,0.01882,0.01344
8.27,0.02552,0.01919,0.01591
8.274,0.02552,0.02052,0.01499
8.278,0.0203,0.01904,0.01432
8.282,0.029,0.01956,0.0148
8.286,0.03132,0.02074,0.01572
8.29,0.02378,0.01853,0.0137
8.294,0.02842,0.01919,0.01565
8.298,0.029,0.0186,0.01484
8.302,0.03306,0.01771,0.01473
8.306,0.0232,0.01904,0.01432
8.31,0.03016,0.01838,0.01455
8.314,0.0232,0.02081,0.01609
8.318,0.0232,0.02,0.01455
8.322,0.0232,0.01845,0.01407
8.326,0.02262,0.01653,0.01436
8.33,0.02842,0.01926,0.01572
8.334,0.03364,0.01742,0.0148
8.338,0.029,0.01941,0.01355
8.342,0.02726,0.01926,0.01517
8.346,0.03016,0.01823,0.01396
8.35,0.03248,0.01919,0.01521
8.354,0.02552,0.0186,0.01407
8.358,0.02842,0.02015,0.01407
8.362,0.02204,0.01949,0.01421
8.366,0.03132,0.01912,0.01488
8.37,0.02784,0.01609,0.01388
8.374,0.0348,0.01934,0.01473
8.378,0.02262,0.02022,0.01572
8.382,0.02958,0.01919,0.01473
8.386,0.02436,0.01757,0.01451
8.39,0.03596,0.01882,0.01388
8.394,0.01914,0.01786,0.01524
8.398,0.0232,0.02111,0.01499
8.402,0.0232,0.01986,0.01443
8.406,0.02378,0.01875,0.01532
8.41,0.02436,0.01882,0.01473
8.414,0.03364,0.01816,0.01473
8.418,0.02146,0.01926,0.01392
8.422,0.029,0.02037,0.01366
8.426,0.0232,0.01779,0.01455
8.43,0.02378,0.01786,0.01657
8.434,0.02378,0.02052,0.01429
8.438,0.03074,0.0186,0.01399
8.442,0.02842,0.02111,0.01565
8.446,0.02842,0.02022,0.01569
8.45,0.02146,0.01735,0.01455
8.454,0.0261,0.01764,0.01388
8.458,0.02204,0.01882,0.01447
8.462,0.0203,0.01853,0.01418
8.466,0.02552,0.02059,0.01499
8.47,0.02436,0.01705,0.01366
8.474,0.0261,0.01919,0.01455
8.478,0.029,0.01801,0.01455
8.482,0.03074,0.01919,0.01554
8.486,0.02668,0.01838,0.01506
8.49,0.01856,0.01764,0.01657
8.494,0.02784,0.01897,0.01432
8.498,0.02378,0.01808,0.01381
8.502,0.02668,0.01786,0.01473
8.506,0.02436,0.01749,0.01506
8.51,0.02378,0.01897,0.01418
8.514,0.0261,0.02081,0.01451
8.518,0.02552,0.01823,0.01344
8.522,0.01682,0.01742,0.01366
8.526,0.02958,0.01779,0.01517
8.53,0.02784,0.01749,0.0144
8.534,0.0319,0.01764,0.01436
8.538,0.02262,0.01993,0.01455
8.542,0.02088,0.01912,0.01436
8.546,0.02378,0.01934,0.01425
8.55,0.02088,0.01757,0.01513
8.554,0.02726,0.01749,0.01679
8.558,0.02436,0.01845,0.01311
8.562,0.02262,0.01808,0.01385
8.566,0.01914,0.02074,0.01337
8.57,0.0261,0.01808,0.01351
8.574,0.0261,0.01794,0.01506
8.578,0.03132,0.01712,0.01429
8.582,0.0261,0.01609,0.01495
8.586,0.0203,0.01698,0.01554
8.59,0.02668,0.01749,0.01429
8.594,0.0348,0.01882,0.01462
8.598,0.03074,0.01727,0.01425
8.602,0.029,0.01749,0.01414
8.606,0.03538,0.01808,0.01407
8.61,0.02494,0.01823,0.01355
8.614,0.02842,0.01469,0.0141
8.618,0.02726,0.01749,0.01392
8.622,0.02204,0.0186,0.01598
8.626,0.0261,0.01845,0.01396
8.63,0.01798,0.01823,0.01429
8.634,0.02146,0.01653,0.01491
8.638,0.03248,0.01831,0.01403
8.642,0.02668,0.01661,0.01425
8.646,0.02262,0.01676,0.01396
8.65,0.01914,0.01676,0.01521
8.654,0.02204,0.01831,0.01385
8.658,0.01972,0.02,0.01377
8.662,0.02088,0.01971,0.01517
8.666,0.03016,0.0189,0.01355
8.67,0.029,0.01771,0.01425
8.674,0.01798,0.01631,0.01315
8.678,0.02958,0.0169,0.01451
8.682,0.02552,0.01764,0.01388
8.686,0.02204,0.01934,0.01278
8.69,0.03074,0.01698,0.01396
8.694,0.02436,0.01882,0.01318
8.698,0.02146,0.01616,0.01447
8.702,0.03016,0.01698,0.01421
8.706,0.02378,0.01779,0.01304
8.71,0.029,0.01882,0.01414
8.714,0.02494,0.01735,0.01311
8.718,0.02668,0.01823,0.0148
8.722,0.0232,0.01956,0.01385
8.726,0.0145,0.01676,0.01473
8.73,0.02784,0.01712,0.01348
8.734,0.03306,0.01668,0.01366
8.738,0.02784,0.01661,0.01373
8.742,0.029,0.01557,0.01355
8.746,0.02378,0.01712,0.0148
8.75,0.0261,0.0158,0.01315
8.754,0.03074,0.01676,0.01333
8.758,0.02784,0.01624,0.01462
8.762,0.02146,0.01771,0.01292
8.766,0.02146,0.01786,0.01429
8.77,0.02726,0.0158,0.01381
8.774,0.02262,0.01853,0.01436
8.778,0.02552,0.01757,0.01385
8.782,0.02262,0.01698,0.01399
8.786,0.02668,0.01801,0.01517
8.79,0.01682,0.01646,0.01385
8.794,0.01972,0.01941,0.01307
8.798,0.0203,0.0169,0.0137
8.802,0.02204,0.01616,0.01337
8.806,0.02494,0.01749,0.01403
8.81,0.02146,0.01646,0.01436
8.814,0.02494,0.01794,0.01322
8.818,0.02146,0.01565,0.01307
8.822,0.02494,0.01602,0.01484
8.826,0.01972,0.0158,0.01432
8.83,0.02436,0.01668,0.01322
8.834,0.03016,0.01742,0.01366
8.838,0.02204,0.01572,0.01344
8.842,0.02088,0.0189,0.01359
8.846,0.0203,0.01402,0.01488
8.85,0.029,0.0172,0.01381
8.854,0.02436,0.01808,0.01388
8.858,0.02784,0.01668,0.0134
8.862,0.02146,0.01978,0.01377
8.866,0.02262,0.01373,0.01403
8.87,0.02436,0.01668,0.01392
8.874,0.02262,0.01853,0.01392
8.878,0.02146,0.01668,0.01344
8.882,0.02552,0.01469,0.01333
8.886,0.01856,0.01491,0.01396
8.89,0.01798,0.01831,0.0137
8.894,0.02262,0.01668,0.01296
8.898,0.01798,0.01705,0.01425
8.902,0.02436,0.01712,0.01421
8.906,0.0232,0.01712,0.01311
8.91,0.02146,0.01572,0.01292
8.914,0.0174,0.01749,0.01285
8.918,0.03074,0.01602,0.01499
8.922,0.0145,0.01616,0.01171
8.926,0.0261,0.01616,0.01292
8.93,0.0261,0.01513,0.01289
8.934,0.02552,0.01535,0.01311
8.938,0.01972,0.01668,0.01322
8.942,0.02378,0.0158,0.01407
8.946,0.02726,0.01823,0.01344
8.95,0.02958,0.0189,0.01175
8.954,0.02668,0.01661,0.01348
8.958,0.02146,0.01513,0.01355
8.962,0.01682,0.01653,0.01373
8.966,0.01624,0.01823,0.01307
8.97,0.02494,0.01639,0.01333
8.974,0.02088,0.01513,0.01451
8.978,0.02262,0.01631,0.01355
8.982,0.02842,0.01476,0.0134
8.986,0.02378,0.01801,0.01259
8.99,0.02146,0.01727,0.01189
8.994,0.02494,0.01587,0.01344
8.998,0.02088,0.01816,0.01292
9.002,0.02378,0.01712,0.01289
9.006,0.02146,0.01712,0.0141
9.01,0.01972,0.01609,0.01318
9.014,0.03016,0.01808,0.01248
9.018,0.0261,0.01624,0.01359
9.022,0.01972,0.01698,0.01403
9.026,0.02088,0.01705,0.01355
9.03,0.0232,0.01771,0.01274
9.034,0.02146,0.0141,0.01307
9.038,0.02494,0.01602,0.0134
9.042,0.02552,0.01771,0.01495
9.046,0.02088,0.01498,0.01344
9.05,0.0232,0.01794,0.01289
9.054,0.02436,0.01712,0.01248
9.058,0.0203,0.01631,0.0127
9.062,0.02204,0.01572,0.01315
9.066,0.02088,0.01484,0.01292
9.07,0.02552,0.01535,0.01403
9.074,0.01856,0.01727,0.01285
9.078,0.02552,0.01587,0.01337
9.082,0.02784,0.01639,0.01315
9.086,0.01856,0.01831,0.01304
9.09,0.02784,0.01535,0.01248
9.094,0.02088,0.01594,0.01175
9.098,0.0261,0.01712,0.0134
9.102,0.02552,0.01528,0.01462
9.106,0.02494,0.01904,0.01337
9.11,0.01972,0.01631,0.01263
9.114,0.02262,0.01587,0.01223
9.118,0.02552,0.01587,0.01315
9.122,0.0145,0.01661,0.01204
9.126,0.01914,0.01572,0.01429
9.13,0.0232,0.01661,0.01296
9.134,0.02494,0.01779,0.013
9.138,0.01856,0.01491,0.013
9.142,0.02726,0.01572,0.01311
9.146,0.02146,0.01712,0.01381
9.15,0.0203,0.0155,0.01366
9.154,0.02378,0.01587,0.01348
9.158,0.01856,0.01712,0.01429
9.162,0.02378,0.01646,0.01362
9.166,0.0203,0.01594,0.01311
9.17,0.02204,0.01668,0.01285
9.174,0.01508,0.01609,0.01149
9.178,0.02262,0.01395,0.01362
9.182,0.02378,0.01661,0.01329
9.186,0.02204,0.01373,0.01311
9.19,0.02552,0.01506,0.01274
9.194,0.0203,0.01801,0.01248
9.198,0.01856,0.0155,0.01322
9.202,0.0232,0.01668,0.01318
9.206,0.01798,0.01808,0.01274
9.21,0.0232,0.01447,0.01296
9.214,0.02958,0.01498,0.01362
9.218,0.02262,0.01624,0.01245
9.222,0.0261,0.01771,0.01259
9.226,0.01972,0.0169,0.01167
9.23,0.01856,0.0155,0.01215
9.234,0.02262,0.01639,0.01234
9.238,0.01682,0.01417,0.012
9.242,0.02436,0.0158,0.01112
9.246,0.01624,0.01609,0.01134
9.25,0.0232,0.01712,0.01337
9.254,0.02378,0.01631,0.01278
9.258,0.01972,0.01639,0.01208
9.262,0.01682,0.01631,0.013
9.266,0.01682,0.01616,0.01208
9.27,0.0261,0.01661,0.01245
9.274,0.0203,0.0155,0.01421
9.278,0.02204,0.01838,0.01083
9.282,0.02378,0.01366,0.01248
9.286,0.02436,0.0141,0.01344
9.29,0.01856,0.01742,0.01215
9.294,0.02204,0.01425,0.01186
9.298,0.02552,0.01513,0.01248
9.302,0.02146,0.01491,0.01315
9.306,0.0203,0.01447,0.01366
9.31,0.02146,0.01506,0.01252
9.314,0.01624,0.01484,0.01421
9.318,0.02204,0.01712,0.01215
9.322,0.01914,0.01469,0.01451
9.326,0.02436,0.01513,0.01274
9.33,0.02378,0.01425,0.01359
9.334,0.03132,0.01639,0.0123
9.338,0.02378,0.01749,0.01267
9.342,0.02088,0.0172,0.01145
9.346,0.0261,0.01535,0.01385
9.35,0.01972,0.0155,0.01119
9.354,0.0261,0.01594,0.01296
9.358,0.02146,0.01521,0.01248
9.362,0.02378,0.01624,0.0127
9.366,0.02146,0.01565,0.01248
9.37,0.02146,0.0169,0.01259
9.374,0.02204,0.01646,0.01142
9.378,0.0203,0.01461,0.01086
9.382,0.0174,0.01351,0.01204
9.386,0.01972,0.01602,0.01289
9.39,0.01972,0.01594,0.0123
9.394,0.0203,0.01609,0.01278
9.398,0.02378,0.01587,0.0116
9.402,0.02378,0.0155,0.01285
9.406,0.02668,0.01469,0.01086
9.41,0.01856,0.01646,0.01219
9.414,0.0232,0.01683,0.01259
9.418,0.02378,0.01631,0.01267
9.422,0.02726,0.01602,0.01245
9.426,0.02262,0.01631,0.01241
9.43,0.01798,0.01749,0.01215
9.434,0.02262,0.01528,0.0116
9.438,0.02552,0.01661,0.01219
9.442,0.01682,0.01476,0.01281
9.446,0.02378,0.01498,0.01197
9.45,0.02378,0.01543,0.01223
9.454,0.02378,0.01351,0.01164
9.458,0.02204,0.01484,0.01234
9.462,0.01972,0.01454,0.01215
9.466,0.01798,0.01461,0.01245
9.47,0.02088,0.01535,0.01274
9.474,0.01798,0.0141,0.01362
9.478,0.0203,0.01624,0.01204
9.482,0.0232,0.01255,0.01145
9.486,0.0232,0.01528,0.01167
9.49,0.02378,0.01476,0.0123
9.494,0.01508,0.01557,0.01167
9.498,0.01566,0.01631,0.01237
9.502,0.029,0.01432,0.01223
9.506,0.02146,0.01417,0.01204
9.51,0.0145,0.01594,0.01119
9.514,0.02378,0.01557,0.01142
9.518,0.0174,0.01624,0.01263
9.522,0.02088,0.01735,0.01256
9.526,0.02262,0.01506,0.01197
9.53,0.02668,0.01602,0.01189
9.534,0.01914,0.01609,0.01149
9.538,0.0174,0.01439,0.01385
9.542,0.02204,0.01358,0.01116
9.546,0.02204,0.01395,0.01204
9.55,0.02262,0.01535,0.01278
9.554,0.02436,0.0158,0.01326
9.558,0.02204,0.01432,0.0116
9.562,0.01334,0.01329,0.01204
9.566,0.01856,0.01447,0.01219
9.57,0.02668,0.01609,0.01178
9.574,0.01972,0.01513,0.01263
9.578,0.01914,0.01668,0.01256
9.582,0.02378,0.0155,0.01171
9.586,0.01972,0.01321,0.01079
9.59,0.02552,0.01417,0.01256
9.594,0.01972,0.01572,0.01234
9.598,0.01566,0.01454,0.01101
9.602,0.02204,0.01535,0.01038
9.606,0.02378,0.01683,0.01156
9.61,0.02146,0.01395,0.01149
9.614,0.01798,0.01484,0.01326
9.618,0.02436,0.01336,0.0116
9.622,0.03074,0.01336,0.01234
9.626,0.02378,0.01491,0.01263
9.63,0.0174,0.01388,0.01108
9.634,0.01508,0.01491,0.01274
9.638,0.01856,0.01321,0.01002
9.642,0.01856,0.01336,0.01127
9.646,0.01682,0.01631,0.01116
9.65,0.02204,0.01343,0.01094
9.654,0.01566,0.01609,0.01175
9.658,0.02378,0.01284,0.01182
9.662,0.01624,0.01233,0.01134
9.666,0.02204,0.01306,0.01215
9.67,0.02494,0.01543,0.01138
9.674,0.01798,0.01402,0.01138
9.678,0.02494,0.01417,0.01164
9.682,0.01508,0.01432,0.01149
9.686,0.01972,0.01432,0.012
9.69,0.02958,0.01498,0.01127
9.694,0.02088,0.01402,0.01219
9.698,0.02436,0.01461,0.01215
9.702,0.01972,0.01528,0.01101
9.706,0.02494,0.0138,0.01175
9.71,0.01798,0.01624,0.01075
9.714,0.02784,0.01639,0.01189
9.718,0.01914,0.01557,0.01245
9.722,0.01914,0.01432,0.01226
9.726,0.0232,0.01461,0.01189
9.73,0.01972,0.01292,0.01112
9.734,0.02204,0.01402,0.01292
9.738,0.02726,0.01358,0.01083
9.742,0.01856,0.0141,0.01304
9.746,0.02436,0.01506,0.01153
9.75,0.01566,0.01484,0.01186
9.754,0.02494,0.01181,0.01245
9.758,0.02262,0.01543,0.00983
9.762,0.0232,0.01336,0.012
9.766,0.02088,0.01476,0.01186
9.77,0.01798,0.01565,0.01186
9.774,0.02378,0.01218,0.01234
9.778,0.02088,0.01513,0.01127
9.782,0.01972,0.01395,0.0123
9.786,0.01856,0.01461,0.01149
9.79,0.02262,0.01343,0.01256
9.794,0.01798,0.01343,0.01108
9.798,0.0261,0.01484,0.01193
9.802,0.01856,0.01262,0.0102
9.806,0.0232,0.01218,0.01127
9.81,0.0232,0.01461,0.01223
9.814,0.01856,0.01432,0.012
9.818,0.02436,0.01439,0.01123
9.822,0.01566,0.01321,0.01116
9.826,0.01566,0.0141,0.01256
9.83,0.0203,0.01314,0.01027
9.834,0.02088,0.01262,0.01267
9.838,0.02204,0.01299,0.01153
9.842,0.01624,0.01447,0.01256
9.846,0.01914,0.01284,0.01116
9.85,0.01798,0.01358,0.01086
9.854,0.02784,0.0141,0.01112
9.858,0.02378,0.0141,0.01149
9.862,0.01798,0.01402,0.0109
9.866,0.0174,0.01366,0.01171
9.87,0.02146,0.01439,0.01186
9.874,0.02262,0.01484,0.01086
9.878,0.01972,0.01528,0.01123
9.882,0.01682,0.01491,0.0113
9.886,0.02088,0.01388,0.01035
9.89,0.0174,0.01343,0.01108
9.894,0.01624,0.0138,0.01223
9.898,0.01798,0.0141,0.0113
9.902,0.02146,0.01402,0.01112
9.906,0.02436,0.01469,0.01153
9.91,0.02088,0.01218,0.01094
9.914,0.01044,0.01336,0.01083
9.918,0.01798,0.01388,0.0102
9.922,0.0203,0.01439,0.01153
9.926,0.02378,0.01521,0.01142
9.93,0.01856,0.01476,0.01149
9.934,0.01914,0.01469,0.01182
9.938,0.01334,0.01373,0.01094
9.942,0.02146,0.0138,0.01278
9.946,0.01682,0.01506,0.01142
9.95,0.01798,0.01543,0.01061
9.954,0.02146,0.01351,0.01134
9.958,0.02088,0.01395,0.01145
9.962,0.02088,0.01373,0.01189
9.966,0.0232,0.01358,0.01182
9.97,0.02784,0.01388,0.01123
9.974,0.02088,0.01447,0.01035
9.978,0.01856,0.01277,0.01211
9.982,0.01508,0.01321,0.01083
9.986,0.01798,0.0138,0.01108
9.99,0.01914,0.01498,0.01145
9.994,0.01392,0.01388,0.01053
9.998,0.02262,0.01343,0.01149
10.002,0.01972,0.0141,0.0113
10.006,0.01508,0.01137,0.01094
10.01,0.01508,0.01366,0.0116
10.014,0.02088,0.01476,0.01134
10.018,0.02088,0.01476,0.01223
10.022,0.01972,0.01506,0.01186
10.026,0.02552,0.01469,0.01127
10.03,0.0145,0.01417,0.01097
10.034,0.0203,0.01461,0.01027
10.038,0.01856,0.01454,0.01149
10.042,0.01682,0.01174,0.01134
10.046,0.0232,0.01521,0.01009
10.05,0.01914,0.01292,0.01164
10.054,0.02436,0.01484,0.01123
10.058,0.01566,0.01306,0.01035
10.062,0.01914,0.01329,0.01097
10.066,0.02436,0.01343,0.01061
10.07,0.0232,0.01425,0.01119
10.074,0.01798,0.0141,0.01108
10.078,0.01914,0.01395,0.01016
10.082,0.02146,0.01402,0.00979
10.086,0.0232,0.01358,0.01042
10.09,0.02146,0.01484,0.01149
10.094,0.02088,0.01432,0.01127
10.098,0.01334,0.01461,0.01134
10.102,0.0261,0.01373,0.01156
10.106,0.0174,0.01314,0.01145
10.11,0.02204,0.01506,0.01149
10.114,0.01566,0.01321,0.01068
10.118,0.01624,0.01521,0.01068
10.122,0.02088,0.01225,0.01116
10.126,0.01624,0.01306,0.01105
10.13,0.01798,0.01476,0.01053
10.134,0.01682,0.01395,0.01083
10.138,0.01914,0.01321,0.01068
10.142,0.01972,0.0138,0.01171
10.146,0.01856,0.0141,0.01112
10.15,0.01856,0.01321,0.01046
10.154,0.01914,0.01277,0.01175
10.158,0.01798,0.01277,0.00965
10.162,0.02204,0.01336,0.01142
10.166,0.01972,0.01336,0.01046
10.17,0.02262,0.01314,0.01108
10.174,0.01914,0.01469,0.01145
10.178,0.01682,0.01388,0.01057
10.182,0.02088,0.01299,0.01197
10.186,0.0174,0.01543,0.01075
10.19,0.02146,0.0127,0.01127
10.194,0.0203,0.0127,0.01215
10.198,0.01856,0.01299,0.01182
10.202,0.01624,0.01277,0.01197
10.206,0.02378,0.01373,0.01145
10.21,0.01856,0.01292,0.01145
10.214,0.01044,0.01329,0.01248
10.218,0.0232,0.01174,0.01097
10.222,0.02378,0.01225,0.01142
10.226,0.01566,0.01469,0.01134
10.23,0.02262,0.01366,0.01186
10.234,0.02494,0.01388,0.01164
10.238,0.02262,0.01115,0.01149
10.242,0.01972,0.01306,0.01153
10.246,0.02494,0.01211,0.01116
10.25,0.02146,0.01225,0.01127
10.254,0.01102,0.01321,0.01068
10.258,0.02146,0.01484,0.01134
10.262,0.01566,0.01196,0.01086
10.266,0.0203,0.01196,0.01057
10.27,0.01566,0.01417,0.01053
10.274,0.01914,0.01351,0.01075
10.278,0.0203,0.01329,0.01072
10.282,0.01566,0.01211,0.01042
10.286,0.01682,0.01255,0.01053
10.29,0.0145,0.01447,0.01083
10.294,0.01508,0.01425,0.01002
10.298,0.0203,0.0138,0.01127
10.302,0.01392,0.0138,0.01108
10.306,0.01856,0.01447,0.01075
10.31,0.01334,0.01314,0.01042
10.314,0.01682,0.01092,0.01094
10.318,0.01682,0.0127,0.01013
10.322,0.01682,0.01166,0.01064
10.326,0.02378,0.01329,0.01024
10.33,0.0174,0.0127,0.01064
10.334,0.0203,0.01565,0.01108
10.338,0.02146,0.01218,0.01075
10.342,0.01798,0.01432,0.01042
10.346,0.01856,0.01314,0.01042
10.35,0.02552,0.01284,0.01267
10.354,0.01566,0.01329,0.01046
10.358,0.01682,0.01366,0.01049
10.362,0.01624,0.01469,0.01119
10.366,0.01914,0.01137,0.01123
10.37,0.01798,0.0138,0.01134
10.374,0.01972,0.01159,0.01075
10.378,0.01566,0.01151,0.01101
10.382,0.02088,0.01358,0.01182
10.386,0.02204,0.0127,0.01138
10.39,0.0174,0.01218,0.01072
10.394,0.02204,0.01454,0.01134
10.398,0.01856,0.01402,0.01027
10.402,0.02262,0.01314,0.01016
10.406,0.01508,0.01203,0.01204
10.41,0.01798,0.01203,0.01009
10.414,0.0203,0.01144,0.00957
10.418,0.02552,0.01506,0.00994
10.422,0.01682,0.01425,0.0095
10.426,0.01508,0.01211,0.01119
10.43,0.01566,0.01211,0.00998
10.434,0.02552,0.01181,0.01057
10.438,0.01276,0.01247,0.01042
10.442,0.0174,0.01078,0.01116
10.446,0.01624,0.01395,0.01027
10.45,0.01508,0.01476,0.00961
10.454,0.0145,0.0141,0.01013
10.458,0.02146,0.01513,0.00965
10.462,0.01856,0.01299,0.01105
10.466,0.0174,0.01336,0.01112
10.47,0.01566,0.01225,0.0116
10.474,0.01914,0.01211,0.01049
10.478,0.02088,0.01262,0.00972
10.482,0.02146,0.0138,0.0113
10.486,0.01682,0.01247,0.01215
10.49,0.0174,0.01321,0.01127
10.494,0.0203,0.01314,0.0102
10.498,0.02146,0.01107,0.01027
10.502,0.01856,0.01137,0.01024
10.506,0.01798,0.01402,0.0095
10.51,0.01392,0.01432,0.0109
10.514,0.01624,0.01321,0.01031
10.518,0.01566,0.01011,0.00998
10.522,0.01102,0.01196,0.01042
10.526,0.01392,0.0124,0.01046
10.53,0.01682,0.01521,0.00976
10.534,0.02262,0.01417,0.00972
10.538,0.01566,0.01078,0.01005
10.542,0.01334,0.01277,0.01108
10.546,0.0174,0.01351,0.01027
10.55,0.01914,0.01225,0.01119
10.554,0.02146,0.011,0.01042
10.558,0.02262,0.01255,0.01009
10.562,0.0203,0.01188,0.00991
10.566,0.01624,0.01292,0.01046
10.57,0.01856,0.01137,0.00913
10.574,0.01914,0.01218,0.01061
10.578,0.01624,0.01181,0.01005
10.582,0.01508,0.01432,0.01042
10.586,0.01682,0.0124,0.00998
10.59,0.01392,0.01063,0.0102
10.594,0.0203,0.01402,0.01002
10.598,0.02378,0.01218,0.01031
10.602,0.01508,0.01233,0.00972
10.606,0.01218,0.01137,0.01079
10.61,0.01566,0.01211,0.00917
10.614,0.01218,0.01203,0.00917
10.618,0.01508,0.01321,0.01038
10.622,0.01392,0.01343,0.00994
10.626,0.02494,0.01129,0.00935
10.63,0.01798,0.01151,0.01002
10.634,0.01334,0.01351,0.00921
10.638,0.02204,0.01159,0.01064
10.642,0.0145,0.01366,0.00998
10.646,0.01914,0.01218,0.01046
10.65,0.01914,0.0107,0.00972
10.654,0.02204,0.01277,0.00961
10.658,0.01914,0.01092,0.0109
10.662,0.02088,0.01181,0.00946
10.666,0.01682,0.01225,0.00998
10.67,0.01508,0.01019,0.00976
10.674,0.01624,0.01277,0.01038
10.678,0.01682,0.01366,0.01116
10.682,0.01508,0.01314,0.01035
10.686,0.02552,0.0127,0.00965
10.69,0.01566,0.01447,0.00998
10.694,0.01392,0.01343,0.01024
10.698,0.01624,0.0141,0.01027
10.702,0.01798,0.01056,0.00968
10.706,0.01624,0.01159,0.01005
10.71,0.01566,0.01159,0.01002
10.714,0.01914,0.01078,0.01064
10.718,0.01682,0.01218,0.01079
10.722,0.01566,0.01211,0.01002
10.726,0.01334,0.01306,0.01097
10.73,0.01798,0.01115,0.01046
10.734,0.01392,0.01211,0.00939
10.738,0.01566,0.01262,0.01013
10.742,0.01566,0.0107,0.0109
10.746,0.01218,0.01196,0.01112
10.75,0.01798,0.01247,0.00987
10.754,0.01972,0.01336,0.01042
10.758,0.01334,0.01166,0.00991
10.762,0.01798,0.01174,0.00884
10.766,0.0232,0.01211,0.00862
10.77,0.01798,0.01033,0.01142
10.774,0.01334,0.01203,0.00983
10.778,0.02146,0.01247,0.00943
10.782,0.01276,0.01425,0.00991
10.786,0.01218,0.01196,0.00943
10.79,0.01682,0.01188,0.01016
10.794,0.0174,0.01107,0.01042
10.798,0.01218,0.01314,0.01016
10.802,0.01276,0.01181,0.00902
10.806,0.01798,0.01115,0.00943
10.81,0.01682,0.01174,0.00865
10.814,0.01508,0.01166,0.00957
10.818,0.02088,0.01188,0.00991
10.822,0.0145,0.01454,0.01027
10.826,0.01624,0.01225,0.00979
10.83,0.01914,0.01366,0.01031
10.834,0.02146,0.01284,0.00928
10.838,0.02494,0.01262,0.0095
10.842,0.01682,0.0127,0.00998
10.846,0.01334,0.01218,0.00976
10.85,0.01682,0.01159,0.00913
10.854,0.01856,0.01041,0.00998
10.858,0.01798,0.01233,0.0102
10.862,0.01914,0.0124,0.00994
10.866,0.01856,0.01137,0.01009
10.87,0.01798,0.01056,0.00957
10.874,0.01624,0.01218,0.01116
10.878,0.01334,0.01159,0.01038
10.882,0.01972,0.01211,0.01057
10.886,0.01682,0.01078,0.00943
10.89,0.01624,0.01292,0.01064
10.894,0.02204,0.01373,0.01086
10.898,0.0203,0.01137,0.01016
10.902,0.02262,0.01174,0.0095
10.906,0.01102,0.01122,0.00921
10.91,0.01276,0.00974,0.01057
10.914,0.01972,0.01366,0.01013
10.918,0.01856,0.01026,0.01083
10.922,0.02088,0.01107,0.00968
10.926,0.0174,0.01211,0.01005
10.93,0.01682,0.01343,0.00965
10.934,0.01624,0.01218,0.01016
10.938,0.02088,0.01181,0.0095
10.942,0.01914,0.01306,0.00917
10.946,0.01856,0.0124,0.0102
10.95,0.01972,0.01129,0.00994
10.954,0.01682,0.00915,0.01094
10.958,0.01624,0.01262,0.00968
10.962,0.01798,0.01085,0.00943
10.966,0.01856,0.01388,0.01064
10.97,0.02146,0.01019,0.00946
10.974,0.01508,0.01129,0.01005
10.978,0.0174,0.01129,0.01053
10.982,0.01218,0.01174,0.00924
10.986,0.01392,0.01078,0.00976
10.99,0.0203,0.01122,0.00976
10.994,0.02204,0.00967,0.00895
10.998,0.02088,0.01218,0.00957
11.002,0.0145,0.01122,0.00917
11.006,0.01624,0.01174,0.00991
11.01,0.0174,0.0107,0.00976
11.014,0.01798,0.01203,0.00998
11.018,0.01218,0.01151,0.00994
11.022,0.0174,0.01188,0.0102
11.026,0.01682,0.01233,0.01027
11.03,0.01566,0.011,0.00968
11.034,0.01972,0.01314,0.00887
11.038,0.02552,0.01336,0.00939
11.042,0.01856,0.01233,0.00946
11.046,0.01102,0.01137,0.00843
11.05,0.01972,0.01284,0.00939
11.054,0.0203,0.01048,0.00932
11.058,0.0174,0.01019,0.01035
11.062,0.02146,0.01196,0.01009
11.066,0.01566,0.01181,0.01027
11.07,0.01856,0.01292,0.01016
11.074,0.0174,0.01262,0.00876
11.078,0.01508,0.01144,0.00939
11.082,0.0145,0.01115,0.00943
11.086,0.01914,0.01115,0.00983
11.09,0.0116,0.01203,0.00961
11.094,0.02088,0.01151,0.00979
11.098,0.01914,0.01129,0.01035
11.102,0.01508,0.011,0.00991
11.106,0.01334,0.01159,0.00976
11.11,0.01566,0.01255,0.01016
11.114,0.0174,0.0124,0.01009
11.118,0.01566,0.01122,0.00998
11.122,0.01914,0.01107,0.00921
11.126,0.01392,0.01321,0.00873
11.13,0.01624,0.01181,0.00928
11.134,0.01682,0.01299,0.00932
11.138,0.01682,0.01174,0.00865
11.142,0.01798,0.01026,0.01016
11.146,0.01856,0.01137,0.01072
11.15,0.01682,0.01262,0.00943
11.154,0.01914,0.01203,0.00946
11.158,0.01914,0.01115,0.00873
11.162,0.01682,0.01078,0.01134
11.166,0.01334,0.01203,0.00862
11.17,0.01798,0.01166,0.00921
11.174,0.01972,0.0124,0.01046
11.178,0.01682,0.01292,0.0095
11.182,0.01102,0.01085,0.00884
11.186,0.0174,0.01166,0.00876
11.19,0.01102,0.0138,0.00891
11.194,0.0174,0.01181,0.00876
11.198,0.01856,0.01196,0.00987
11.202,0.00812,0.01092,0.00895
11.206,0.00928,0.01166,0.00965
11.21,0.01334,0.01188,0.01064
11.214,0.02262,0.01107,0.00954
11.218,0.01914,0.01122,0.0102
11.222,0.01044,0.01181,0.00821
11.226,0.0174,0.01041,0.00876
11.23,0.01624,0.011,0.01038
11.234,0.01856,0.01211,0.00843
11.238,0.01566,0.01107,0.00983
11.242,0.01798,0.01107,0.00979
11.246,0.01798,0.01151,0.00906
11.25,0.01856,0.01203,0.00954
11.254,0.01392,0.01019,0.0095
11.258,0.01798,0.01041,0.00887
11.262,0.01392,0.01188,0.00847
11.266,0.0203,0.00989,0.00854
11.27,0.01566,0.0124,0.00829
11.274,0.02378,0.01115,0.00976
11.278,0.01392,0.01388,0.00902
11.282,0.01392,0.01159,0.0102
11.286,0.00928,0.01107,0.00862
11.29,0.0203,0.0124,0.00887
11.294,0.01914,0.01129,0.00869
11.298,0.0145,0.01211,0.00862
11.302,0.0145,0.01174,0.00994
11.306,0.01392,0.01225,0.01031
11.31,0.01392,0.0124,0.00862
11.314,0.01566,0.01174,0.0095
11.318,0.01276,0.01174,0.00968
11.322,0.01798,0.01336,0.00991
11.326,0.0145,0.01174,0.00965
11.33,0.01914,0.01144,0.00983
11.334,0.0232,0.01225,0.00939
11.338,0.02262,0.01159,0.00987
11.342,0.01798,0.01056,0.00976
11.346,0.01392,0.01151,0.00935
11.35,0.01856,0.01115,0.00943
11.354,0.01972,0.01144,0.00994
11.358,0.0145,0.01218,0.00928
11.362,0.01276,0.00996,0.00862
11.366,0.0145,0.01233,0.00987
11.37,0.01392,0.01137,0.00836
11.374,0.01508,0.01063,0.01009
11.378,0.01624,0.01048,0.00851
11.382,0.01856,0.01011,0.00946
11.386,0.01102,0.0096,0.00917
11.39,0.01682,0.01181,0.00832
11.394,0.01392,0.01033,0.01027
11.398,0.01276,0.00952,0.00921
11.402,0.01392,0.011,0.00884
11.406,0.0116,0.01115,0.00847
11.41,0.01566,0.01078,0.01005
11.414,0.01334,0.01129,0.00865
11.418,0.01044,0.00893,0.0084
11.422,0.01624,0.01122,0.00825
11.426,0.01566,0.01107,0.00921
11.43,0.01334,0.01314,0.00935
11.434,0.01334,0.01166,0.00906
11.438,0.01566,0.01026,0.00873
11.442,0.01334,0.01129,0.01035
11.446,0.01218,0.01063,0.00979
11.45,0.0145,0.01085,0.00854
11.454,0.0203,0.01122,0.00968
11.458,0.0174,0.01188,0.00854
11.462,0.01566,0.01048,0.00921
11.466,0.01218,0.01144,0.00832
11.47,0.01798,0.01011,0.00895
11.474,0.01682,0.00945,0.00994
11.478,0.02204,0.01181,0.00991
11.482,0.02378,0.01085,0.00935
11.486,0.0203,0.01137,0.00854
11.49,0.01276,0.01144,0.00895
11.494,0.01682,0.01174,0.00869
11.498,0.01334,0.01203,0.00939
11.502,0.0116,0.01144,0.00917
11.506,0.0174,0.01115,0.00898
11.51,0.0232,0.01299,0.007
11.514,0.01566,0.01048,0.00928
11.518,0.01334,0.01166,0.00832
11.522,0.01682,0.01137,0.00954
11.526,0.01392,0.01211,0.00924
11.53,0.01334,0.01321,0.00792
11.534,0.01566,0.00982,0.01005
11.538,0.02262,0.00952,0.00884
11.542,0.01218,0.01033,0.0091
11.546,0.02204,0.01159,0.00965
11.55,0.01218,0.00967,0.00917
11.554,0.01334,0.01144,0.01024
11.558,0.01856,0.01092,0.00858
11.562,0.0203,0.011,0.00851
11.566,0.01508,0.01004,0.00946
11.57,0.01914,0.01107,0.00943
11.574,0.01508,0.01092,0.0088
11.578,0.01566,0.01144,0.00898
11.582,0.01624,0.01056,0.00854
11.586,0.01276,0.01107,0.00895
11.59,0.01392,0.01174,0.00869
11.594,0.01566,0.01151,0.0095
11.598,0.01566,0.0107,0.00957
11.602,0.01682,0.01196,0.00891
11.606,0.01682,0.01004,0.00876
11.61,0.01566,0.01092,0.00847
11.614,0.01566,0.01033,0.00799
11.618,0.02378,0.01203,0.00887
11.622,0.01856,0.01129,0.00957
11.626,0.01624,0.01151,0.00788
11.63,0.01334,0.00945,0.0088
11.634,0.00986,0.01085,0.00865
11.638,0.01624,0.01196,0.00814
11.642,0.0145,0.0096,0.00906
11.646,0.01334,0.01004,0.00851
11.65,0.01218,0.00967,0.00939
11.654,0.01508,0.00893,0.0084
11.658,0.01218,0.01041,0.00913
11.662,0.02436,0.01078,0.00836
11.666,0.0116,0.01056,0.00902
11.67,0.01276,0.00974,0.00895
11.674,0.01566,0.00967,0.00817
11.678,0.02088,0.0107,0.00957
11.682,0.00928,0.01107,0.00884
11.686,0.01682,0.01137,0.0088
11.69,0.01682,0.01115,0.00876
11.694,0.01044,0.01129,0.00803
11.698,0.01392,0.01092,0.00865
11.702,0.01624,0.0107,0.00921
11.706,0.01972,0.01174,0.00843
11.71,0.01914,0.01144,0.00836
11.714,0.01914,0.01056,0.00898
11.718,0.01624,0.01063,0.00784
11.722,0.0174,0.01019,0.00854
11.726,0.0174,0.0093,0.00891
11.73,0.0145,0.01033,0.00954
11.734,0.01914,0.01255,0.00806
11.738,0.01276,0.01159,0.00906
11.742,0.01392,0.01092,0.00891
11.746,0.01914,0.01048,0.00829
11.75,0.01624,0.01085,0.00917
11.754,0.01972,0.01085,0.00902
11.758,0.0145,0.01107,0.00898
11.762,0.02088,0.01129,0.00825
11.766,0.01392,0.01048,0.00884
11.77,0.01914,0.00967,0.00921
11.774,0.0116,0.01137,0.00865
11.778,0.01276,0.01033,0.00873
11.782,0.01682,0.0093,0.00884
11.786,0.01276,0.01092,0.00762
11.79,0.01392,0.01181,0.00943
11.794,0.01682,0.011,0.0095
11.798,0.01566,0.01063,0.00862
11.802,0.00928,0.00886,0.00832
11.806,0.01334,0.01033,0.00946
11.81,0.0203,0.00989,0.00946
11.814,0.01102,0.00952,0.00917
11.818,0.01798,0.01033,0.00829
11.822,0.0145,0.01004,0.00906
11.826,0.01334,0.01033,0.00817
11.83,0.01682,0.01085,0.00917
11.834,0.01856,0.00923,0.00972
11.838,0.01508,0.01004,0.00968
11.842,0.01276,0.01159,0.00979
11.846,0.01566,0.00915,0.00906
11.85,0.01798,0.01063,0.00777
11.854,0.01508,0.01129,0.00876
11.858,0.01276,0.00989,0.00851
11.862,0.01624,0.00967,0.00803
11.866,0.01682,0.00886,0.00891
11.87,0.01392,0.01078,0.00847
11.874,0.01508,0.011,0.00884
11.878,0.01508,0.01041,0.00913
11.882,0.01508,0.00886,0.00913
11.886,0.01276,0.01144,0.00906
11.89,0.01508,0.00952,0.00862
11.894,0.01276,0.01056,0.00876
11.898,0.01276,0.01011,0.00876
11.902,0.01624,0.00967,0.0081
11.906,0.01624,0.0107,0.0091
11.91,0.01972,0.01004,0.00946
11.914,0.01044,0.01063,0.00817
11.918,0.01624,0.00908,0.00921
11.922,0.0145,0.0096,0.00873
11.926,0.01218,0.01188,0.00932
11.93,0.01566,0.0107,0.00876
11.934,0.01566,0.01048,0.00917
11.938,0.01798,0.00996,0.00957
11.942,0.01624,0.00923,0.00792
11.946,0.01044,0.01048,0.0081
11.95,0.01218,0.01056,0.00847
11.954,0.0145,0.01026,0.00829
11.958,0.01682,0.01107,0.01016
11.962,0.0174,0.01041,0.00858
11.966,0.01392,0.00967,0.00924
11.97,0.01972,0.0096,0.00843
11.974,0.00986,0.01026,0.00954
11.978,0.01682,0.01048,0.00803
11.982,0.0145,0.00893,0.0091
11.986,0.0116,0.00982,0.00932
11.99,0.0145,0.01129,0.00913
11.994,0.01856,0.01078,0.00898
11.998,0.01218,0.01056,0.00814
12.002,0.00638,0.01092,0.00876
12.006,0.01508,0.01004,0.00814
12.01,0.01102,0.00974,0.00884
12.014,0.02088,0.01048,0.00965
12.018,0.01218,0.01085,0.00792
12.022,0.01972,0.01033,0.00865
12.026,0.0116,0.00923,0.00869
12.03,0.01566,0.01115,0.0081
12.034,0.01392,0.0096,0.00968
12.038,0.01392,0.00982,0.00784
12.042,0.01508,0.01063,0.00795
12.046,0.01392,0.00923,0.00825
12.05,0.0116,0.0096,0.00865
12.054,0.01334,0.01041,0.0091
12.058,0.01508,0.00982,0.00832
12.062,0.01276,0.01144,0.00891
12.066,0.01392,0.01085,0.00968
12.07,0.0174,0.01011,0.00876
12.074,0.0116,0.01188,0.00854
12.078,0.01798,0.01048,0.00946
12.082,0.01392,0.01048,0.00873
12.086,0.01566,0.00937,0.00887
12.09,0.01624,0.011,0.00854
12.094,0.01102,0.01115,0.00895
12.098,0.01334,0.01078,0.00762
12.102,0.0174,0.01041,0.00913
12.106,0.01566,0.00923,0.00865
12.11,0.0145,0.0096,0.00873
12.114,0.0145,0.01284,0.00751
12.118,0.01392,0.01056,0.00917
12.122,0.01102,0.01011,0.00887
12.126,0.01972,0.01019,0.00858
12.13,0.01798,0.01056,0.00932
12.134,0.0116,0.00878,0.00836
12.138,0.01566,0.01011,0.00851
12.142,0.01276,0.01011,0.00784
12.146,0.01682,0.00945,0.00865
12.15,0.01566,0.01115,0.00865
12.154,0.01914,0.01048,0.00792
12.158,0.01566,0.00996,0.00858
12.162,0.01102,0.01033,0.00858
12.166,0.0145,0.01041,0.00825
12.17,0.01914,0.01048,0.00921
12.174,0.01682,0.01137,0.00939
12.178,0.01044,0.00849,0.00902
12.182,0.0145,0.01019,0.00987
12.186,0.01682,0.00901,0.00795
12.19,0.01276,0.00841,0.00957
12.194,0.01218,0.01056,0.00865
12.198,0.01682,0.01129,0.00858
12.202,0.01102,0.00915,0.0088
12.206,0.0116,0.01019,0.0091
12.21,0.0145,0.00967,0.00862
12.214,0.01334,0.0107,0.00829
12.218,0.01218,0.00945,0.0081
12.222,0.01334,0.00937,0.00854
12.226,0.0145,0.01233,0.00858
12.23,0.01102,0.00937,0.00906
12.234,0.01508,0.01026,0.00755
12.238,0.01276,0.0107,0.0084
12.242,0.01566,0.00915,0.00851
12.246,0.01508,0.01041,0.00917
12.25,0.01218,0.00893,0.00825
12.254,0.01276,0.01129,0.00847
12.258,0.01798,0.00886,0.00917
12.262,0.01566,0.00967,0.00932
12.266,0.01392,0.00923,0.00751
12.27,0.0145,0.01004,0.00854
12.274,0.0174,0.01085,0.00696
12.278,0.01392,0.01004,0.00961
12.282,0.01624,0.00974,0.0084
12.286,0.0145,0.00974,0.00692
12.29,0.0145,0.00901,0.00836
12.294,0.01798,0.01026,0.00851
12.298,0.01624,0.01144,0.00976
12.302,0.0116,0.01092,0.00928
12.306,0.01044,0.01151,0.00895
12.31,0.0145,0.01085,0.00825
12.314,0.0145,0.00893,0.00898
12.318,0.01682,0.01041,0.0088
12.322,0.01218,0.00974,0.00935
12.326,0.01276,0.00827,0.00751
12.33,0.00928,0.01137,0.00777
12.334,0.01044,0.01092,0.00887
12.338,0.01392,0.00856,0.00711
12.342,0.01276,0.01196,0.00921
12.346,0.01392,0.01026,0.00887
12.35,0.01682,0.00908,0.00895
12.354,0.01392,0.00967,0.01002
12.358,0.01972,0.01203,0.00887
12.362,0.0116,0.01166,0.00748
12.366,0.0116,0.011,0.00799
12.37,0.01218,0.01188,0.00954
12.374,0.01566,0.00871,0.00806
12.378,0.01972,0.011,0.00865
12.382,0.01508,0.0107,0.00836
12.386,0.01566,0.01004,0.00891
12.39,0.0145,0.01033,0.00814
12.394,0.0203,0.0107,0.00814
12.398,0.01682,0.00923,0.00902
12.402,0.01334,0.01026,0.00873
12.406,0.01566,0.00819,0.00865
12.41,0.01682,0.01174,0.00939
12.414,0.01102,0.01056,0.00913
12.418,0.0145,0.00982,0.01013
12.422,0.01566,0.01181,0.00862
12.426,0.01044,0.01033,0.00821
12.43,0.0145,0.00937,0.00678
12.434,0.01566,0.0096,0.0084
12.438,0.01856,0.00937,0.00873
12.442,0.0145,0.01151,0.00895
12.446,0.0203,0.00701,0.00924
12.45,0.01218,0.00937,0.00781
12.454,0.01218,0.00945,0.00825
12.458,0.01334,0.01011,0.00851
12.462,0.01218,0.01011,0.00832
12.466,0.01798,0.00996,0.00851
12.47,0.01276,0.00996,0.00917
12.474,0.0145,0.01048,0.00924
12.478,0.0116,0.00886,0.00876
12.482,0.01392,0.01041,0.00876
12.486,0.0203,0.0096,0.00814
12.49,0.02088,0.00915,0.00784
12.494,0.01218,0.00967,0.00784
12.498,0.01276,0.00967,0.00869
12.502,0.01856,0.00974,0.00851
12.506,0.01392,0.01004,0.00906
12.51,0.01682,0.00849,0.00832
12.514,0.01508,0.00952,0.00876
12.518,0.00986,0.00827,0.00836
12.522,0.01682,0.00982,0.00762
12.526,0.01508,0.00849,0.00865
12.53,0.01798,0.00901,0.00898
12.534,0.01566,0.00841,0.00935
12.538,0.01218,0.00864,0.00851
12.542,0.01044,0.00967,0.00902
12.546,0.01392,0.01004,0.00902
12.55,0.01856,0.00901,0.00932
12.554,0.01334,0.00923,0.00865
12.558,0.01856,0.00856,0.0081
12.562,0.0145,0.01041,0.0088
12.566,0.01508,0.00849,0.0088
12.57,0.01566,0.01085,0.0081
12.574,0.01856,0.01041,0.00935
12.578,0.0145,0.01026,0.00817
12.582,0.01508,0.00849,0.00803
12.586,0.01682,0.01085,0.0084
12.59,0.01856,0.00923,0.0088
12.594,0.02088,0.00982,0.00906
12.598,0.00928,0.00974,0.0088
12.602,0.01334,0.01063,0.00847
12.606,0.01392,0.01004,0.00843
12.61,0.01508,0.01063,0.00932
12.614,0.01102,0.00982,0.00843
12.618,0.0116,0.01041,0.00781
12.622,0.01566,0.00908,0.00836
12.626,0.01682,0.01004,0.00891
12.63,0.01276,0.00967,0.00943
12.634,0.01044,0.00967,0.00895
12.638,0.01682,0.0093,0.00887
12.642,0.01682,0.00982,0.00814
12.646,0.0145,0.0096,0.00862
12.65,0.01682,0.01033,0.0088
12.654,0.00812,0.00982,0.00921
12.658,0.01682,0.01092,0.0081
12.662,0.01392,0.00982,0.00799
12.666,0.01102,0.01078,0.00851
12.67,0.0116,0.00967,0.00825
12.674,0.01508,0.01004,0.00817
12.678,0.0116,0.01122,0.00906
12.682,0.01624,0.01063,0.00718
12.686,0.01566,0.00967,0.00803
12.69,0.0116,0.00937,0.00736
12.694,0.01218,0.00878,0.0081
12.698,0.01276,0.00989,0.0077
12.702,0.01276,0.01092,0.00902
12.706,0.00928,0.01041,0.00917
12.71,0.0145,0.00967,0.00887
12.714,0.01392,0.00996,0.00924
12.718,0.0145,0.00937,0.00869
12.722,0.01566,0.00967,0.00755
12.726,0.00754,0.00937,0.00887
12.73,0.01508,0.01063,0.01016
12.734,0.0116,0.01085,0.00876
12.738,0.01102,0.00937,0.00895
12.742,0.01392,0.01166,0.00854
12.746,0.01276,0.0107,0.0084
12.75,0.02262,0.00775,0.00806
12.754,0.01392,0.00908,0.00829
12.758,0.01624,0.01078,0.00917
12.762,0.0116,0.00974,0.00869
12.766,0.01102,0.00901,0.00917
12.77,0.01102,0.00849,0.00858
12.774,0.01682,0.00775,0.00792
12.778,0.01798,0.01151,0.00876